GRGR_ID,GRGR_NAME,SBSB_ID,SBSB_HIRE_DT,SBSB_EMPLOY_ID,SGSG_ID,SGSG_NAME,SBSB_ORIG_EFF_DT,MEME_ORIG_EFF_DT,MEME_SFX,MEME_FIRST_NAME,MEME_LAST_NAME,MEME_MID_INIT,MEME_SSN,CMC_MEME_MEMBER_MEME_REL,MEME_SEX,MEME_BIRTH_DT,MEMBERSTATUSCODE,MEST_TYPE,MEHD_TYPE,SBRT_SMOKER_IND,SBAD_ADDR1,SBAD_ADDR2,SBAD_ADDR3,SBAD_CITY,SBAD_STATE,SBAD_ZIP,SBAD_PHONE,SBAD_EMAIL,CSCS_ID,MCSPI_ID,DCSPI_ID,VCSPI_ID,CDHCSPI_ID,PDBL_ACCT_CAT,CSPI_ID,CSPD_CAT1,CSPD_CAT2,CSPD_CAT3,CSPD_CAT4,PDBL_ACCT_CAT1,PDBL_ACCT_CAT2,MCSPI_EFF_DT,MCSPI_TERM_DT,DCSPI_EFF_DT,DCSPI_TERM_DT,VCSPI_EFF_DT,VCSPI_TERM_DT,CDH_CSPI_EFF_DT,CDH_CSPI_TERM_DT,EAP_PDBL_EFF_DT,EAP_PDBL_TERM_DT,OT_CSPI_EFF_DT,OT_CSPI_TERM_DT,PRPR_ID,PRPR_NAME,MPCP_PAT_IND,MEPR_EFF_DT,MEPR_TERM_DT,MEME_PRX_CRED_DAYS,MEME_PREX_EFF_DT,MEME_CCC_START_DT_MEME_PRX_CRED_DAYS,MEME_CCC_END_DT_MEME_PRX_CRED_DAYS,SBEM_DEPT,DSBEM_EFF_DT,SBEM_TERM_DT,SBEM_LOC,LSBEM_EFF_DT,CMC_SBEM_EMPLOY,SBEL_MCTR_RSN_MEEL_MCTR_RSN,MEMD_HCFA_EFF_DT,CSPI_ITS_PREFIX,PDDS_MCTR_VAL1,SBEL_FI
910036150,PQR Health Care LLC,9100002193,2020-01-01T00:00:00Z,A101,S001,VBVBV Services - 999,2020-01-01T00:00:00Z,2019-01-01T00:00:00Z,1,Katherine,Richard,J,431-06-4243,M,F,1977-05-25T00:00:00Z,Y,N,T,N,"48764 Howard Forge Apt. 421
Vanessaside, VT 79393",,,West Corey,ID,10166,4062911223,1@vc.com,A001,FSA00001,FSA00001,FSA00001,FSA00001,,FSA00001,Y,N,Y,N,,,2020-01-01T00:00:00Z,2020-06-29T00:00:00Z,2020-01-01T00:00:00Z,2020-06-29T00:00:00Z,2020-01-01T00:00:00Z,2020-06-29T00:00:00Z,2020-01-01T00:00:00Z,2020-06-29T00:00:00Z,2020-01-01T00:00:00Z,2020-06-29T00:00:00Z,2020-01-01T00:00:00Z,2020-06-29T00:00:00Z,ABCNCD,,Y,2020-01-01T00:00:00Z,2020-06-29T00:00:00Z,0,2005-01-01T00:00:00Z,2,2,100,2020-01-01T00:00:00Z,2020-06-29T00:00:00Z,1,2020-01-01T00:00:00Z,0,3100,2018-01-01T00:00:00Z,XMO,1122,Y
910036150,PQR Health Care LLC,9100002661,2020-01-01T00:00:00Z,A102,S002,Sham Mountain of VBVBV - 101,2020-01-01T00:00:00Z,2019-01-02T00:00:00Z,2,Jorge,Grimes,s,825-71-0231,S,M,1920-07-04T00:00:00Z,Y,N,P,N,"PSC 5781, Box 5659
APO AP 27302",,,Ramoshaven,ID,34644,4062911245,2@vc.org,A002,FSA00002,FSA00002,FSA00002,FSA00002,,FSA00002,Y,N,Y,N,,,2020-01-01T00:00:00Z,2020-06-29T00:00:00Z,2020-01-01T00:00:00Z,2020-06-29T00:00:00Z,2020-01-01T00:00:00Z,2020-06-29T00:00:00Z,2020-01-01T00:00:00Z,2020-06-29T00:00:00Z,2020-01-01T00:00:00Z,2020-06-29T00:00:00Z,2020-01-01T00:00:00Z,2020-06-29T00:00:00Z,ABCNCD,,Y,2020-01-01T00:00:00Z,2020-06-29T00:00:00Z,0,2005-01-02T00:00:00Z,2,2,100,2020-01-01T00:00:00Z,2020-06-29T00:00:00Z,2,2020-01-01T00:00:00Z,0,3100,2018-01-02T00:00:00Z,XMP,1122,N
910036150,PQR Health Care LLC,9100002853,2020-01-03T00:00:00Z,A103,S003,SparklingWater of VBVBV - 102,2020-01-03T00:00:00Z,2019-01-03T00:00:00Z,3,Amber,Olsen,C,819-78-8966,D,F,1987-10-15T00:00:00Z,Y,N,T,N,"60975 Jessica Squares
East Sallybury, IA 19178",,,Davismouth,MT,67077,4062911916,3@vc.com,A003,FSA00003,FSA00003,FSA00003,FSA00003,,FSA00003,Y,N,Y,N,,,2020-01-03T00:00:00Z,2020-07-01T00:00:00Z,2020-01-03T00:00:00Z,2020-07-01T00:00:00Z,2020-01-03T00:00:00Z,2020-07-01T00:00:00Z,2020-01-03T00:00:00Z,2020-07-01T00:00:00Z,2020-01-03T00:00:00Z,2020-07-01T00:00:00Z,2020-01-03T00:00:00Z,2020-07-01T00:00:00Z,ABCNCD,,Y,2020-01-03T00:00:00Z,2020-07-01T00:00:00Z,0,2005-01-03T00:00:00Z,2,2,100,2020-01-03T00:00:00Z,2020-07-01T00:00:00Z,3,2020-01-03T00:00:00Z,0,3100,2018-01-03T00:00:00Z,XMP,1122,Y
910036150,PQR Health Care LLC,9100002854,2020-01-04T00:00:00Z,A104,S004,Carroum d' Alene of VBVBV - 103,2020-01-04T00:00:00Z,2019-01-04T00:00:00Z,1,Patty,Atkinson,D,604-54-9498,M,F,1945-04-08T00:00:00Z,Y,N,T,N,"Unit 7148 Box 4185
DPO AP 27135",,,Seanfurt,MT,42056,9062115467,4@vc.com,A004,HSA00000,HSA00000,HSA00000,HSA00000,,HSA00000,Y,N,Y,N,,,2020-01-04T00:00:00Z,2020-07-02T00:00:00Z,2020-01-04T00:00:00Z,2020-07-02T00:00:00Z,2020-01-04T00:00:00Z,2020-07-02T00:00:00Z,2020-01-04T00:00:00Z,2020-07-02T00:00:00Z,2020-01-04T00:00:00Z,2020-07-02T00:00:00Z,2020-01-04T00:00:00Z,2020-07-02T00:00:00Z,ABCNCD,,N,2020-01-04T00:00:00Z,2020-07-02T00:00:00Z,0,2005-01-04T00:00:00Z,2,2,100,2020-01-04T00:00:00Z,2020-07-02T00:00:00Z,4,2020-01-04T00:00:00Z,0,3100,2018-01-04T00:00:00Z,XMP,1122,Y
910036150,PQR Health Care LLC,9100002857,2020-01-05T00:00:00Z,A105,S005,dibby Care Center of VBVBV - 201,2020-01-05T00:00:00Z,2019-01-05T00:00:00Z,1,Cynthia,Montoya,A,548-78-1213,M,F,1911-06-13T00:00:00Z,Y,N,T,N,"32094 Jones Springs Apt. 201
Masseyhaven, KY 68893",,,Port Jason,ID,89561,9062918989,5@vc.com,A005,DMC00000,DMC00000,DMC00000,DMC00000,,DMC00000,Y,N,Y,N,,,2020-01-05T00:00:00Z,2020-07-03T00:00:00Z,2020-01-05T00:00:00Z,2020-07-03T00:00:00Z,2020-01-05T00:00:00Z,2020-07-03T00:00:00Z,2020-01-05T00:00:00Z,2020-07-03T00:00:00Z,2020-01-05T00:00:00Z,2020-07-03T00:00:00Z,2020-01-05T00:00:00Z,2020-07-03T00:00:00Z,ABCNCD,,N,2020-01-05T00:00:00Z,2020-07-03T00:00:00Z,0,2005-01-05T00:00:00Z,2,2,100,2020-01-05T00:00:00Z,2020-07-03T00:00:00Z,5,2020-01-05T00:00:00Z,0,250,2018-01-05T00:00:00Z,XMP,1122,N
910036150,PQR Health Care LLC,9100002859,2020-01-06T00:00:00Z,A106,S006,Offsspring Health and Rehab of VBVBV - 104,2020-01-06T00:00:00Z,2019-01-06T00:00:00Z,2,Charles,Jones,C,309-45-7145,S,M,1932-05-09T00:00:00Z,Y,N,T,N,"477 Miller Ridge Apt. 795
East Allen, KY 15854",,,West Laura,ID,44087,4062911916,6@vc.org,A006,DMCA0000,DMCA0000,DMCA0000,DMCA0000,,DMCA0000,Y,N,Y,N,,,2020-01-06T00:00:00Z,2020-07-04T00:00:00Z,2020-01-06T00:00:00Z,2020-07-04T00:00:00Z,2020-01-06T00:00:00Z,2020-07-04T00:00:00Z,2020-01-06T00:00:00Z,2020-07-04T00:00:00Z,2020-01-06T00:00:00Z,2020-07-04T00:00:00Z,2020-01-06T00:00:00Z,2020-07-04T00:00:00Z,ABCNCD,,N,2020-01-06T00:00:00Z,2020-07-04T00:00:00Z,0,2005-01-06T00:00:00Z,2,2,100,2020-01-06T00:00:00Z,2020-07-04T00:00:00Z,6,2020-01-06T00:00:00Z,0,250,2018-01-06T00:00:00Z,XMP,1122,N
910036150,PQR Health Care LLC,9100002861,2020-01-07T00:00:00Z,A107,S007,Senora Rehabilitation of VBVBV (Portland) - 301,2020-01-07T00:00:00Z,2019-01-07T00:00:00Z,3,Alexander,Wade,R,698-53-9325,D,F,1977-01-12T00:00:00Z,Y,N,T,N,"23098 Anthony Roads
New Maria, DE 51777",,,West Marthaville,ID,5270,9062115467,7@vc.com,A007,DPP00000,DPP00000,DPP00000,DPP00000,,DPP00000,Y,N,Y,N,,,2020-01-07T00:00:00Z,2020-07-05T00:00:00Z,2020-01-07T00:00:00Z,2020-07-05T00:00:00Z,2020-01-07T00:00:00Z,2020-07-05T00:00:00Z,2020-01-07T00:00:00Z,2020-07-05T00:00:00Z,2020-01-07T00:00:00Z,2020-07-05T00:00:00Z,2020-01-07T00:00:00Z,2020-07-05T00:00:00Z,DGTEHDF,,Y,2020-01-07T00:00:00Z,2020-07-05T00:00:00Z,0,2005-01-07T00:00:00Z,2,2,100,2020-01-07T00:00:00Z,2020-07-05T00:00:00Z,7,2020-01-07T00:00:00Z,0,250,2018-01-07T00:00:00Z,XMP,1122,Y
910036150,PQR Health Care LLC,9100002863,2020-01-08T00:00:00Z,A108,S008,Crookfield Health and Rehab of VBVBV - 401,2020-01-08T00:00:00Z,2019-01-08T00:00:00Z,4,Jeffrey,Moore,F,459-49-9309,D,F,1964-03-19T00:00:00Z,Y,N,T,N,"17300 Oliver Village
Chadland, SD 39961",,,Ryanton,ID,66513,2088742338,8@vc.org,A008,DPP00001,DPP00001,DPP00001,DPP00001,,DPP00001,Y,N,Y,N,,,2020-01-08T00:00:00Z,2020-07-06T00:00:00Z,2020-01-08T00:00:00Z,2020-07-06T00:00:00Z,2020-01-08T00:00:00Z,2020-07-06T00:00:00Z,2020-01-08T00:00:00Z,2020-07-06T00:00:00Z,2020-01-08T00:00:00Z,2020-07-06T00:00:00Z,2020-01-08T00:00:00Z,2020-07-06T00:00:00Z,DGTEHDF,,Y,2020-01-08T00:00:00Z,2020-07-06T00:00:00Z,0,2005-01-08T00:00:00Z,2,2,100,2020-01-08T00:00:00Z,2020-07-06T00:00:00Z,8,2020-01-08T00:00:00Z,0,206,2018-01-08T00:00:00Z,XMP,1122,N
910036150,PQR Health Care LLC,9100002866,2020-01-09T00:00:00Z,A109,S009,Blake Caldwell of VBVBV LLC - 107,2020-01-09T00:00:00Z,2019-01-09T00:00:00Z,1,Richard,Hatfield,E,695-54-5181,M,F,1908-04-10T00:00:00Z,Y,N,T,N,"634 Strong Mountains
Lake Emily, WI 08109",,,Port Fernando,ID,69900,2088742338,9@vc.com,A009,DPP00002,DPP00002,DPP00002,DPP00002,,DPP00002,Y,N,Y,N,,,2020-01-09T00:00:00Z,2020-07-07T00:00:00Z,2020-01-09T00:00:00Z,2020-07-07T00:00:00Z,2020-01-09T00:00:00Z,2020-07-07T00:00:00Z,2020-01-09T00:00:00Z,2020-07-07T00:00:00Z,2020-01-09T00:00:00Z,2020-07-07T00:00:00Z,2020-01-09T00:00:00Z,2020-07-07T00:00:00Z,DGTEHDF,,Y,2020-01-09T00:00:00Z,2020-07-07T00:00:00Z,0,2005-01-09T00:00:00Z,2,2,100,2020-01-09T00:00:00Z,2020-07-07T00:00:00Z,9,2020-01-09T00:00:00Z,0,250,2018-01-09T00:00:00Z,XMP,1122,Y
910036150,PQR Health Care LLC,9100002868,2020-01-10T00:00:00Z,A110,S010,Grand Canyon West of VBVBV LLC - 105,2020-01-10T00:00:00Z,2019-01-10T00:00:00Z,1,Joshua,Wiggins,F,020-06-0667,M,M,1935-10-25T00:00:00Z,Y,N,T,N,"207 Mccullough Well Suite 564
New Hannah, NH 97700",,,West Joanneside,ID,37316,3609499111,10@vc.com,A010,DPP00006,DPP00006,DPP00006,DPP00006,,DPP00006,Y,N,Y,N,,,2020-01-10T00:00:00Z,2020-07-08T00:00:00Z,2020-01-10T00:00:00Z,2020-07-08T00:00:00Z,2020-01-10T00:00:00Z,2020-07-08T00:00:00Z,2020-01-10T00:00:00Z,2020-07-08T00:00:00Z,2020-01-10T00:00:00Z,2020-07-08T00:00:00Z,2020-01-10T00:00:00Z,2020-07-08T00:00:00Z,DGTEHDF,,N,2020-01-10T00:00:00Z,2020-07-08T00:00:00Z,0,2005-01-10T00:00:00Z,2,2,100,2020-01-10T00:00:00Z,2020-07-08T00:00:00Z,10,2020-01-10T00:00:00Z,0,3100,2018-01-10T00:00:00Z,XMP,1122,Y
910036150,PQR Health Care LLC,9100002871,2020-01-11T00:00:00Z,A111,S011,Taunton of VBVBV LLC - 109,2020-01-11T00:00:00Z,2019-01-11T00:00:00Z,1,Austin,Chan,G,277-21-2449,M,F,1987-03-22T00:00:00Z,Y,N,T,N,"9459 Jennifer Loaf Suite 109
Lake Matthew, IA 29742",,,Grayshire,WA,54818,3609499111,11@vc.com,A011,DPPA0000,DPPA0000,DPPA0000,DPPA0000,,DPPA0000,Y,N,Y,N,,,2020-01-11T00:00:00Z,2020-07-09T00:00:00Z,2020-01-11T00:00:00Z,2020-07-09T00:00:00Z,2020-01-11T00:00:00Z,2020-07-09T00:00:00Z,2020-01-11T00:00:00Z,2020-07-09T00:00:00Z,2020-01-11T00:00:00Z,2020-07-09T00:00:00Z,2020-01-11T00:00:00Z,2020-07-09T00:00:00Z,DGTEHDF,,N,2020-01-11T00:00:00Z,2020-07-09T00:00:00Z,0,2005-01-11T00:00:00Z,2,2,100,2020-01-11T00:00:00Z,2020-07-09T00:00:00Z,11,2020-01-11T00:00:00Z,0,3100,2018-01-11T00:00:00Z,XMP,1122,Y
910036150,PQR Health Care LLC,9100002873,2020-01-12T00:00:00Z,A112,S012,Tampa West of VBVBV LLC - 111,2020-01-12T00:00:00Z,2019-01-12T00:00:00Z,2,Kevin,Simmons,H,753-88-2551,S,M,1930-06-25T00:00:00Z,Y,N,T,Y,"027 Jonathon Estate Suite 878
North Troyport, MP 61697",,,Port Mackenziechester,ID,25142,7608808588,12@vc.com,A012,DPPA0001,DPPA0001,DPPA0001,DPPA0001,,DPPA0001,Y,N,Y,N,,,2020-01-12T00:00:00Z,2020-07-10T00:00:00Z,2020-01-12T00:00:00Z,2020-07-10T00:00:00Z,2020-01-12T00:00:00Z,2020-07-10T00:00:00Z,2020-01-12T00:00:00Z,2020-07-10T00:00:00Z,2020-01-12T00:00:00Z,2020-07-10T00:00:00Z,2020-01-12T00:00:00Z,2020-07-10T00:00:00Z,DGTEHDF,,N,2020-01-12T00:00:00Z,2020-07-10T00:00:00Z,0,2005-01-12T00:00:00Z,2,2,100,2020-01-12T00:00:00Z,2020-07-10T00:00:00Z,12,2020-01-12T00:00:00Z,0,3100,2018-01-12T00:00:00Z,XMP,1122,Y
910036150,PQR Health Care LLC,9100002876,2020-01-13T00:00:00Z,A113,S013,Wiser of VBVBV LLC - 110,2020-01-13T00:00:00Z,2019-01-13T00:00:00Z,3,Melissa,Short,H,029-68-7400,S,M,2010-03-21T00:00:00Z,Y,N,P,N,"206 Stewart Forest
Lake Karenhaven, RI 13317",,,North Charlene,ID,26520,2085015996,13@vc.com,A013,DPPA0002,DPPA0002,DPPA0002,DPPA0002,,DPPA0002,Y,N,Y,N,,,2020-01-13T00:00:00Z,2020-07-11T00:00:00Z,2020-01-13T00:00:00Z,2020-07-11T00:00:00Z,2020-01-13T00:00:00Z,2020-07-11T00:00:00Z,2020-01-13T00:00:00Z,2020-07-11T00:00:00Z,2020-01-13T00:00:00Z,2020-07-11T00:00:00Z,2020-01-13T00:00:00Z,2020-07-11T00:00:00Z,DGTEHDF,,Y,2020-01-13T00:00:00Z,2020-07-11T00:00:00Z,0,2005-01-13T00:00:00Z,2,2,100,2020-01-13T00:00:00Z,2020-07-11T00:00:00Z,13,2020-01-13T00:00:00Z,0,3100,2018-01-13T00:00:00Z,XMP,1122,N
910036150,PQR Health Care LLC,9100002877,2020-01-14T00:00:00Z,A114,S014,MosBeach of VBVBV LLC - 108,2020-01-14T00:00:00Z,2019-01-14T00:00:00Z,1,Whitney,Bass,J,651-86-3310,M,M,1981-09-09T00:00:00Z,Y,N,T,N,"217 Burton Brooks Suite 714
Lake Abigail, SD 85034",,,Darinberg,ID,36992,9065115467,14@vc.com,A014,DPPA0006,DPPA0006,DPPA0006,DPPA0006,,DPPA0006,Y,N,Y,N,,,2020-01-14T00:00:00Z,2020-07-12T00:00:00Z,2020-01-14T00:00:00Z,2020-07-12T00:00:00Z,2020-01-14T00:00:00Z,2020-07-12T00:00:00Z,2020-01-14T00:00:00Z,2020-07-12T00:00:00Z,2020-01-14T00:00:00Z,2020-07-12T00:00:00Z,2020-01-14T00:00:00Z,2020-07-12T00:00:00Z,DGTEHDF,,Y,2020-01-14T00:00:00Z,2020-07-12T00:00:00Z,0,2005-01-14T00:00:00Z,2,2,100,2020-01-14T00:00:00Z,2020-07-12T00:00:00Z,14,2020-01-14T00:00:00Z,0,250,2018-01-14T00:00:00Z,XMP,1122,N
910036150,PQR Health Care LLC,9100002880,2020-01-15T00:00:00Z,A115,S015,Kellug of VBVBV LLC - 106,2020-01-15T00:00:00Z,2019-01-15T00:00:00Z,1,Lauren,Atkins,K,890-84-7549,M,M,1958-05-08T00:00:00Z,Y,N,T,N,"34855 Meghan Squares
Josephmouth, SC 57575",,,Monicaburgh,ID,27743,9062918989,15@vc.com,A015,MCC00000,MCC00000,MCC00000,MCC00000,,MCC00000,Y,N,Y,N,,,2020-01-15T00:00:00Z,2020-07-13T00:00:00Z,2020-01-15T00:00:00Z,2020-07-13T00:00:00Z,2020-01-15T00:00:00Z,2020-07-13T00:00:00Z,2020-01-15T00:00:00Z,2020-07-13T00:00:00Z,2020-01-15T00:00:00Z,2020-07-13T00:00:00Z,2020-01-15T00:00:00Z,2020-07-13T00:00:00Z,DGTEHDF,,Y,2020-01-15T00:00:00Z,2020-07-13T00:00:00Z,0,2005-01-15T00:00:00Z,2,2,100,2020-01-15T00:00:00Z,2020-07-13T00:00:00Z,15,2020-01-15T00:00:00Z,0,3100,2018-01-15T00:00:00Z,XMP,1122,N
910036150,PQR Health Care LLC,9100002883,2020-01-16T00:00:00Z,A116,S016,Napa of VBVBV LLC - 112,2020-01-16T00:00:00Z,2019-01-16T00:00:00Z,1,Kevin,Hahn,S,418-50-6287,M,M,1916-04-14T00:00:00Z,Y,N,T,N,"22455 Higgins Junction Apt. 042
New Keith, MO 72391",,,West Danny,ID,96251,4088911916,16@vc.com,A016,MPP00008,MPP00008,MPP00008,MPP00008,,MPP00008,Y,N,Y,N,,,2020-01-16T00:00:00Z,2020-07-14T00:00:00Z,2020-01-16T00:00:00Z,2020-07-14T00:00:00Z,2020-01-16T00:00:00Z,2020-07-14T00:00:00Z,2020-01-16T00:00:00Z,2020-07-14T00:00:00Z,2020-01-16T00:00:00Z,2020-07-14T00:00:00Z,2020-01-16T00:00:00Z,2020-07-14T00:00:00Z,DGTEHDF,,N,2020-01-16T00:00:00Z,2020-07-14T00:00:00Z,0,2005-01-16T00:00:00Z,2,2,100,2020-01-16T00:00:00Z,2020-07-14T00:00:00Z,16,2020-01-16T00:00:00Z,0,3100,2018-01-16T00:00:00Z,XMP,1122,Y
910036150,PQR Health Care LLC,9100002987,2020-01-17T00:00:00Z,A117,S017,Busy of VBVBV LLC - 113,2020-01-17T00:00:00Z,2019-01-17T00:00:00Z,2,Carmen,Smith,,136-81-5307,W,F,1922-02-22T00:00:00Z,Y,N,T,N,"2814 Houston Hills
Rodriguezside, PW 63569",,,Rogersmouth,ID,16796,9099115467,17@vc.com,A017,MPP00015,MPP00015,MPP00015,MPP00015,,MPP00015,Y,N,Y,N,,,2020-01-17T00:00:00Z,2020-07-15T00:00:00Z,2020-01-17T00:00:00Z,2020-07-15T00:00:00Z,2020-01-17T00:00:00Z,2020-07-15T00:00:00Z,2020-01-17T00:00:00Z,2020-07-15T00:00:00Z,2020-01-17T00:00:00Z,2020-07-15T00:00:00Z,2020-01-17T00:00:00Z,2020-07-15T00:00:00Z,DGTEHDF,,N,2020-01-17T00:00:00Z,2020-07-15T00:00:00Z,0,2005-01-17T00:00:00Z,2,2,100,2020-01-17T00:00:00Z,2020-07-15T00:00:00Z,17,2020-01-17T00:00:00Z,0,3100,2018-01-17T00:00:00Z,XMP,1122,Y
910036150,PQR Health Care LLC,9100003001,2020-01-18T00:00:00Z,A118,S018,The Dove of VBVBV - 114,2020-01-18T00:00:00Z,2019-01-18T00:00:00Z,3,Kristine,Gibson,,078-06-0656,S,M,1973-12-24T00:00:00Z,Y,N,T,N,"0452 Courtney Lane Apt. 113
North Paul, CT 52118",,,Shanefort,ID,77163,9062988989,18@vc.com,A018,MPP00020,MPP00020,MPP00020,MPP00020,,MPP00020,Y,N,Y,N,,,2020-01-18T00:00:00Z,2020-07-16T00:00:00Z,2020-01-18T00:00:00Z,2020-07-16T00:00:00Z,2020-01-18T00:00:00Z,2020-07-16T00:00:00Z,2020-01-18T00:00:00Z,2020-07-16T00:00:00Z,2020-01-18T00:00:00Z,2020-07-16T00:00:00Z,2020-01-18T00:00:00Z,2020-07-16T00:00:00Z,DGTEHDF,,N,2020-01-18T00:00:00Z,2020-07-16T00:00:00Z,0,2005-01-18T00:00:00Z,2,2,100,2020-01-18T00:00:00Z,2020-07-16T00:00:00Z,18,2020-01-18T00:00:00Z,0,3100,2018-01-18T00:00:00Z,XMP,1122,N
910036150,PQR Health Care LLC,9100003004,2020-01-19T00:00:00Z,A119,S019,Annette Healthcare of VBVBV in Payette - 118,2020-01-19T00:00:00Z,2019-01-19T00:00:00Z,4,Anthony,Navarro,,458-56-6833,D,F,1911-11-30T00:00:00Z,Y,N,T,Y,"1534 Ryan Knolls
North Lynntown, MH 69420",,,Goodwinborough,MT,16086,4088911988,19@vc.com,A019,MPPH0000,MPPH0000,MPPH0000,MPPH0000,,MPPH0000,Y,N,Y,N,,,2020-01-19T00:00:00Z,2020-07-17T00:00:00Z,2020-01-19T00:00:00Z,2020-07-17T00:00:00Z,2020-01-19T00:00:00Z,2020-07-17T00:00:00Z,2020-01-19T00:00:00Z,2020-07-17T00:00:00Z,2020-01-19T00:00:00Z,2020-07-17T00:00:00Z,2020-01-19T00:00:00Z,2020-07-17T00:00:00Z,DGTEHDF,,Y,2020-01-19T00:00:00Z,2020-07-17T00:00:00Z,0,2005-01-19T00:00:00Z,2,2,100,2020-01-19T00:00:00Z,2020-07-17T00:00:00Z,19,2020-01-19T00:00:00Z,0,250,2018-01-19T00:00:00Z,XMP,1122,N
910036150,PQR Health Care LLC,9100003007,2020-01-20T00:00:00Z,A120,S020,Harbour Valley of VBVBV in Boise - 117,2020-01-20T00:00:00Z,2019-01-20T00:00:00Z,1,Jesse,Cantu,A,146-24-7440,M,M,1923-02-09T00:00:00Z,Y,N,T,N,"03921 Stephen Lake Apt. 197
New Richard, TX 55975",,,Sheltonmouth,ID,65832,9022115467,20@vc.com,A020,RCC00000,RCC00000,RCC00000,RCC00000,,RCC00000,Y,N,Y,N,,,2020-01-20T00:00:00Z,2020-07-18T00:00:00Z,2020-01-20T00:00:00Z,2020-07-18T00:00:00Z,2020-01-20T00:00:00Z,2020-07-18T00:00:00Z,2020-01-20T00:00:00Z,2020-07-18T00:00:00Z,2020-01-20T00:00:00Z,2020-07-18T00:00:00Z,2020-01-20T00:00:00Z,2020-07-18T00:00:00Z,DGTEHDF,,Y,2020-01-20T00:00:00Z,2020-07-18T00:00:00Z,0,2005-01-20T00:00:00Z,2,2,100,2020-01-20T00:00:00Z,2020-07-18T00:00:00Z,20,2020-01-20T00:00:00Z,0,250,2018-01-20T00:00:00Z,XMP,1122,Y
910036150,PQR Health Care LLC,9100003010,2020-01-21T00:00:00Z,A121,S021,Tripple Falls Transitional Care of VBVBV - 116,2020-01-21T00:00:00Z,2019-01-21T00:00:00Z,2,Ivan,Young,,382-54-0758,W,F,1925-10-23T00:00:00Z,Y,N,T,N,"Unit 3893 Box 0555
DPO AE 69327",,,Port Jonathan,ID,20935,9062088989,21@vc.com,A021,RPP00008,RPP00008,RPP00008,RPP00008,,RPP00008,Y,N,Y,N,,,2020-01-21T00:00:00Z,2020-07-19T00:00:00Z,2020-01-21T00:00:00Z,2020-07-19T00:00:00Z,2020-01-21T00:00:00Z,2020-07-19T00:00:00Z,2020-01-21T00:00:00Z,2020-07-19T00:00:00Z,2020-01-21T00:00:00Z,2020-07-19T00:00:00Z,2020-01-21T00:00:00Z,2020-07-19T00:00:00Z,DGTEHDF,,Y,2020-01-21T00:00:00Z,2020-07-19T00:00:00Z,0,2005-01-21T00:00:00Z,2,2,100,2020-01-21T00:00:00Z,2020-07-19T00:00:00Z,21,2020-01-21T00:00:00Z,0,250,2018-01-21T00:00:00Z,XMP,1122,N
910036150,PQR Health Care LLC,9100003017,2020-01-22T00:00:00Z,A122,S022,Blueberry Ridge of VBVBV in Emmett - 119,2020-01-22T00:00:00Z,2019-01-22T00:00:00Z,3,Stephanie,Watson,,094-24-1780,S,M,1945-07-05T00:00:00Z,Y,N,T,N,"711 Carl Curve Apt. 407
Michelleberg, VI 86495",,,Schmitthaven,ID,50600,4084411988,22@vc.com,A022,RPP00015,RPP00015,RPP00015,RPP00015,,RPP00015,Y,N,Y,N,,,2020-01-22T00:00:00Z,2020-07-20T00:00:00Z,2020-01-22T00:00:00Z,2020-07-20T00:00:00Z,2020-01-22T00:00:00Z,2020-07-20T00:00:00Z,2020-01-22T00:00:00Z,2020-07-20T00:00:00Z,2020-01-22T00:00:00Z,2020-07-20T00:00:00Z,2020-01-22T00:00:00Z,2020-07-20T00:00:00Z,DGTEHDF,,N,2020-01-22T00:00:00Z,2020-07-20T00:00:00Z,0,2005-01-22T00:00:00Z,2,2,100,2020-01-22T00:00:00Z,2020-07-20T00:00:00Z,22,2020-01-22T00:00:00Z,0,250,2018-01-22T00:00:00Z,XMP,1122,Y
910036150,PQR Health Care LLC,9100003025,2020-01-23T00:00:00Z,A123,S023,Greenbird Hospice LLC - Eagle ID - 851,2020-01-23T00:00:00Z,2019-01-23T00:00:00Z,1,Danny,Robinson,,645-39-8933,M,F,1990-09-20T00:00:00Z,Y,N,T,N,"PSC 8091, Box 8916
APO AE 38467",,,Petersenfort,OR,51431,2011552506,23@vc.com,A023,RPP00020,RPP00020,RPP00020,RPP00020,,RPP00020,Y,N,Y,N,,,2020-01-23T00:00:00Z,2020-07-21T00:00:00Z,2020-01-23T00:00:00Z,2020-07-21T00:00:00Z,2020-01-23T00:00:00Z,2020-07-21T00:00:00Z,2020-01-23T00:00:00Z,2020-07-21T00:00:00Z,2020-01-23T00:00:00Z,2020-07-21T00:00:00Z,2020-01-23T00:00:00Z,2020-07-21T00:00:00Z,DGTEHDF,,N,2020-01-23T00:00:00Z,2020-07-21T00:00:00Z,0,2005-01-23T00:00:00Z,2,2,100,2020-01-23T00:00:00Z,2020-07-21T00:00:00Z,23,2020-01-23T00:00:00Z,0,250,2018-01-23T00:00:00Z,XMP,1122,Y
910036150,PQR Health Care LLC,9100003028,2020-01-24T00:00:00Z,A124,S024,VBVBV California Operations - Phoenix AZ - 500,2020-01-24T00:00:00Z,2019-01-24T00:00:00Z,2,Austin,Larson,,812-34-5008,S,M,1980-06-10T00:00:00Z,Y,N,P,N,"02489 Cook Park
Sherriport, WI 53987",,,Patrickton,ID,21969,9066115467,24@vc.com,A024,RPPH0000,RPPH0000,RPPH0000,RPPH0000,,RPPH0000,Y,N,Y,N,,,2020-01-24T00:00:00Z,2020-07-22T00:00:00Z,2020-01-24T00:00:00Z,2020-07-22T00:00:00Z,2020-01-24T00:00:00Z,2020-07-22T00:00:00Z,2020-01-24T00:00:00Z,2020-07-22T00:00:00Z,2020-01-24T00:00:00Z,2020-07-22T00:00:00Z,2020-01-24T00:00:00Z,2020-07-22T00:00:00Z,DGTEHDF,,N,2020-01-24T00:00:00Z,2020-07-22T00:00:00Z,0,2005-01-24T00:00:00Z,2,2,100,2020-01-24T00:00:00Z,2020-07-22T00:00:00Z,24,2020-01-24T00:00:00Z,0,3100,2018-01-24T00:00:00Z,XMP,1122,N
910036150,PQR Health Care LLC,9100003031,2020-01-25T00:00:00Z,A125,S025,Starry of VBVBV LLC NorthPark Health - 501,2020-01-25T00:00:00Z,2019-01-25T00:00:00Z,3,Elizabeth,Taylor,,363-81-7745,D,F,2008-11-05T00:00:00Z,Y,N,T,N,"45007 Thomas Way
Lake Hollystad, MT 05112",,,Hugheston,WA,13802,9055088989,25@vc.com,A025,VBC00000,VBC00000,VBC00000,VBC00000,,VBC00000,Y,N,Y,N,,,2020-01-25T00:00:00Z,2020-07-23T00:00:00Z,2020-01-25T00:00:00Z,2020-07-23T00:00:00Z,2020-01-25T00:00:00Z,2020-07-23T00:00:00Z,2020-01-25T00:00:00Z,2020-07-23T00:00:00Z,2020-01-25T00:00:00Z,2020-07-23T00:00:00Z,2020-01-25T00:00:00Z,2020-07-23T00:00:00Z,DGTEHDF,,Y,2020-01-25T00:00:00Z,2020-07-23T00:00:00Z,0,2005-01-25T00:00:00Z,2,2,100,2020-01-25T00:00:00Z,2020-07-23T00:00:00Z,25,2020-01-25T00:00:00Z,0,3100,2018-01-25T00:00:00Z,XMP,1122,N
910036150,PQR Health Care LLC,9100003034,2020-01-26T00:00:00Z,A126,S026,Wiser D50r Rehab Staffing - 120,2020-01-26T00:00:00Z,2019-01-26T00:00:00Z,1,Holly,Marks,,745-30-2305,M,F,2010-02-08T00:00:00Z,Y,N,T,N,"09925 Isabel Run
Jamesfort, DE 08386",,,Mendezmouth,ID,85759,4077411988,26@vc.com,A026,VBCA0000,VBCA0000,VBCA0000,VBCA0000,,VBCA0000,Y,N,Y,N,,,2020-01-26T00:00:00Z,2020-07-24T00:00:00Z,2020-01-26T00:00:00Z,2020-07-24T00:00:00Z,2020-01-26T00:00:00Z,2020-07-24T00:00:00Z,2020-01-26T00:00:00Z,2020-07-24T00:00:00Z,2020-01-26T00:00:00Z,2020-07-24T00:00:00Z,2020-01-26T00:00:00Z,2020-07-24T00:00:00Z,DGTEHDF,,Y,2020-01-26T00:00:00Z,2020-07-24T00:00:00Z,0,2005-01-26T00:00:00Z,2,2,100,2020-01-26T00:00:00Z,2020-07-24T00:00:00Z,26,2020-01-26T00:00:00Z,0,3100,2018-01-26T00:00:00Z,XMP,1122,Y
910036150,PQR Health Care LLC,9100003040,2020-01-27T00:00:00Z,A127,S027,Tassajarra E of VBVBV dba Mount Ascension - 202,2020-01-27T00:00:00Z,2019-01-27T00:00:00Z,1,Jeffrey,Price,L,201-57-3347,M,F,1987-08-22T00:00:00Z,Y,N,T,N,"64183 Kimberly Mills Suite 375
North Rachelton, NM 33974",,,New Elizabethshire,ID,28809,2011002506,27@vc.com,A027,FSA00001,FSA00001,FSA00001,FSA00001,,FSA00001,Y,N,Y,N,,,2020-01-27T00:00:00Z,2020-07-25T00:00:00Z,2020-01-27T00:00:00Z,2020-07-25T00:00:00Z,2020-01-27T00:00:00Z,2020-07-25T00:00:00Z,2020-01-27T00:00:00Z,2020-07-25T00:00:00Z,2020-01-27T00:00:00Z,2020-07-25T00:00:00Z,2020-01-27T00:00:00Z,2020-07-25T00:00:00Z,DGTEHDF,,Y,2020-01-27T00:00:00Z,2020-07-25T00:00:00Z,0,2005-01-27T00:00:00Z,2,2,100,2020-01-27T00:00:00Z,2020-07-25T00:00:00Z,27,2020-01-27T00:00:00Z,0,3100,2018-01-27T00:00:00Z,XMO,1122,N
910036150,PQR Health Care LLC,9100003043,2020-01-28T00:00:00Z,A128,S028,Greenbird Home Health - 854,2020-01-28T00:00:00Z,2019-01-28T00:00:00Z,1,Jason,Padilla,B,273-06-0718,M,M,1914-12-19T00:00:00Z,Y,N,T,N,"412 Snow Manors Apt. 161
South Kimtown, WY 59053",,,Parkstown,ID,65594,9011002506,28@vc.com,A028,FSA00002,FSA00002,FSA00002,FSA00002,,FSA00002,Y,N,Y,N,,,2020-01-28T00:00:00Z,2020-07-26T00:00:00Z,2020-01-28T00:00:00Z,2020-07-26T00:00:00Z,2020-01-28T00:00:00Z,2020-07-26T00:00:00Z,2020-01-28T00:00:00Z,2020-07-26T00:00:00Z,2020-01-28T00:00:00Z,2020-07-26T00:00:00Z,2020-01-28T00:00:00Z,2020-07-26T00:00:00Z,ABCNCD,,N,2020-01-28T00:00:00Z,2020-07-26T00:00:00Z,0,2005-01-28T00:00:00Z,2,2,100,2020-01-28T00:00:00Z,2020-07-26T00:00:00Z,28,2020-01-28T00:00:00Z,0,3100,2018-01-28T00:00:00Z,XMP,1122,Y
910036150,PQR Health Care LLC,9100003137,2020-01-29T00:00:00Z,A129,S029,Greenbird Home Care - 853,2020-01-29T00:00:00Z,2019-01-29T00:00:00Z,2,James,Boyd,,083-27-8594,S,M,1954-11-14T00:00:00Z,Y,N,T,N,"PSC 5415, Box 1150
APO AA 46098",,,North Maria,ID,30712,3084552506,29@vc.com,A029,FSA00003,FSA00003,FSA00003,FSA00003,,FSA00003,Y,N,Y,N,,,2020-01-29T00:00:00Z,2020-07-27T00:00:00Z,2020-01-29T00:00:00Z,2020-07-27T00:00:00Z,2020-01-29T00:00:00Z,2020-07-27T00:00:00Z,2020-01-29T00:00:00Z,2020-07-27T00:00:00Z,2020-01-29T00:00:00Z,2020-07-27T00:00:00Z,2020-01-29T00:00:00Z,2020-07-27T00:00:00Z,ABCNCD,,N,2020-01-29T00:00:00Z,2020-07-27T00:00:00Z,0,2005-01-29T00:00:00Z,2,2,100,2020-01-29T00:00:00Z,2020-07-27T00:00:00Z,29,2020-01-29T00:00:00Z,0,250,2018-01-29T00:00:00Z,XMP,1122,Y
910036150,PQR Health Care LLC,9100003340,2020-01-30T00:00:00Z,A130,S030,Regressive Staffing - 852,2020-01-30T00:00:00Z,2019-01-30T00:00:00Z,3,David,Stevens,,084-31-1618,S,M,2020-04-07T00:00:00Z,Y,N,T,N,"230 Donna Street
Lake Adrianstad, UT 03731",,,Port Donald,ID,60013,9011088989,30@vc.com,A030,HSA00000,HSA00000,HSA00000,HSA00000,,HSA00000,Y,N,Y,N,,,2020-01-30T00:00:00Z,2020-07-28T00:00:00Z,2020-01-30T00:00:00Z,2020-07-28T00:00:00Z,2020-01-30T00:00:00Z,2020-07-28T00:00:00Z,2020-01-30T00:00:00Z,2020-07-28T00:00:00Z,2020-01-30T00:00:00Z,2020-07-28T00:00:00Z,2020-01-30T00:00:00Z,2020-07-28T00:00:00Z,ABCNCD,,N,2020-01-30T00:00:00Z,2020-07-28T00:00:00Z,0,2005-01-30T00:00:00Z,2,2,100,2020-01-30T00:00:00Z,2020-07-28T00:00:00Z,30,2020-01-30T00:00:00Z,0,250,2018-01-30T00:00:00Z,XMO,1122,Y
910036150,PQR Health Care LLC,9100003473,2020-01-31T00:00:00Z,A131,S031,Las palmas PAC & Rehab - 520,2020-01-31T00:00:00Z,2019-01-31T00:00:00Z,1,Allen,Nelson,L,630-92-1621,M,F,1931-04-20T00:00:00Z,Y,N,T,N,"420 Michael Mountains Suite 485
New Victoria, CT 70392",,,Ericberg,ID,16915,4077413388,31@vc.com,A031,DMC00000,DMC00000,DMC00000,DMC00000,,DMC00000,Y,N,Y,N,,,2020-01-31T00:00:00Z,2020-07-29T00:00:00Z,2020-01-31T00:00:00Z,2020-07-29T00:00:00Z,2020-01-31T00:00:00Z,2020-07-29T00:00:00Z,2020-01-31T00:00:00Z,2020-07-29T00:00:00Z,2020-01-31T00:00:00Z,2020-07-29T00:00:00Z,2020-01-31T00:00:00Z,2020-07-29T00:00:00Z,ABCNCD,,Y,2020-01-31T00:00:00Z,2020-07-29T00:00:00Z,0,2005-01-31T00:00:00Z,2,2,100,2020-01-31T00:00:00Z,2020-07-29T00:00:00Z,31,2020-01-31T00:00:00Z,0,206,2018-01-31T00:00:00Z,XMP,1122,Y
910036150,PQR Health Care LLC,9100003476,2020-02-01T00:00:00Z,A132,S032,Hudson Bay - 999,2020-02-01T00:00:00Z,2019-02-01T00:00:00Z,1,Justin,Fuller,,176-18-0254,M,F,1983-02-03T00:00:00Z,Y,N,T,N,"332 Watson Shore Apt. 290
Millerland, DC 55581",,,Andreaberg,ID,77974,2011002506,32@vc.com,A032,DMCA0000,DMCA0000,DMCA0000,DMCA0000,,DMCA0000,Y,N,Y,N,,,2020-02-01T00:00:00Z,2020-07-30T00:00:00Z,2020-02-01T00:00:00Z,2020-07-30T00:00:00Z,2020-02-01T00:00:00Z,2020-07-30T00:00:00Z,2020-02-01T00:00:00Z,2020-07-30T00:00:00Z,2020-02-01T00:00:00Z,2020-07-30T00:00:00Z,2020-02-01T00:00:00Z,2020-07-30T00:00:00Z,ABCNCD,,Y,2020-02-01T00:00:00Z,2020-07-30T00:00:00Z,0,2005-02-01T00:00:00Z,2,2,100,2020-02-01T00:00:00Z,2020-07-30T00:00:00Z,32,2020-02-01T00:00:00Z,0,250,2018-02-01T00:00:00Z,XMO,1122,N
910036150,PQR Health Care LLC,9100003567,2020-02-02T00:00:00Z,A133,S033,Clarkkent Health & Rehab - 402,2020-02-02T00:00:00Z,2019-02-02T00:00:00Z,1,Alexander,Bryant,,226-72-2672,M,F,1997-10-02T00:00:00Z,Y,N,T,N,"37580 Ortiz Mall Suite 735
Stephanieland, HI 14737",,,Danielberg,ID,92591,1102323506,33@vc.com,A033,DPP00000,DPP00000,DPP00000,DPP00000,,DPP00000,Y,N,Y,N,,,2020-02-02T00:00:00Z,2020-07-31T00:00:00Z,2020-02-02T00:00:00Z,2020-07-31T00:00:00Z,2020-02-02T00:00:00Z,2020-07-31T00:00:00Z,2020-02-02T00:00:00Z,2020-07-31T00:00:00Z,2020-02-02T00:00:00Z,2020-07-31T00:00:00Z,2020-02-02T00:00:00Z,2020-07-31T00:00:00Z,ABCNCD,,Y,2020-02-02T00:00:00Z,2020-07-31T00:00:00Z,0,2005-02-02T00:00:00Z,2,2,100,2020-02-02T00:00:00Z,2020-07-31T00:00:00Z,33,2020-02-02T00:00:00Z,0,3100,2018-02-02T00:00:00Z,XMO,1122,N
910036150,PQR Health Care LLC,9100003612,2020-02-03T00:00:00Z,A134,S034,Canyon Health & Rehabilitation - 126,2020-02-03T00:00:00Z,2019-02-03T00:00:00Z,2,Amber,Kelly,,750-81-2478,H,M,1955-11-30T00:00:00Z,Y,N,T,N,"66237 Giles Divide Suite 717
West Aaron, UT 59363",,,Smithport,ID,15503,1084552506,34@vc.com,A034,DPP00001,DPP00001,DPP00001,DPP00001,,DPP00001,Y,N,Y,N,,,2020-02-03T00:00:00Z,2020-08-01T00:00:00Z,2020-02-03T00:00:00Z,2020-08-01T00:00:00Z,2020-02-03T00:00:00Z,2020-08-01T00:00:00Z,2020-02-03T00:00:00Z,2020-08-01T00:00:00Z,2020-02-03T00:00:00Z,2020-08-01T00:00:00Z,2020-02-03T00:00:00Z,2020-08-01T00:00:00Z,ABCNCD,,N,2020-02-03T00:00:00Z,2020-08-01T00:00:00Z,0,2005-02-03T00:00:00Z,2,2,100,2020-02-03T00:00:00Z,2020-08-01T00:00:00Z,34,2020-02-03T00:00:00Z,0,3100,2018-02-03T00:00:00Z,XMO,1122,N
910036150,PQR Health Care LLC,9100003761,2020-02-04T00:00:00Z,A135,S035,Vollfax Health & Rehabilitation - 404,2020-02-04T00:00:00Z,2019-02-04T00:00:00Z,3,Joseph,Ortiz,,545-95-7581,S,M,2011-02-15T00:00:00Z,Y,N,P,Y,"926 Davis Parks Apt. 864
North Josephton, AL 34130",,,Foxshire,ID,93557,4085015996,35@vc.com,A035,DPP00002,DPP00002,DPP00002,DPP00002,,DPP00002,Y,N,Y,N,,,2020-02-04T00:00:00Z,2020-08-02T00:00:00Z,2020-02-04T00:00:00Z,2020-08-02T00:00:00Z,2020-02-04T00:00:00Z,2020-08-02T00:00:00Z,2020-02-04T00:00:00Z,2020-08-02T00:00:00Z,2020-02-04T00:00:00Z,2020-08-02T00:00:00Z,2020-02-04T00:00:00Z,2020-08-02T00:00:00Z,ABCNCD,,N,2020-02-04T00:00:00Z,2020-08-02T00:00:00Z,0,2005-02-04T00:00:00Z,2,2,100,2020-02-04T00:00:00Z,2020-08-02T00:00:00Z,35,2020-02-04T00:00:00Z,0,250,2018-02-04T00:00:00Z,XMO,1122,Y
910036150,PQR Health Care LLC,9100003904,2020-02-05T00:00:00Z,A136,S036,Amberwood Park Health & Rehabilitation - 405,2020-02-05T00:00:00Z,2019-02-05T00:00:00Z,4,Linda,King,,751-49-0447,D,F,1992-12-23T00:00:00Z,Y,N,T,N,"454 Caitlin Camp
Port Joseside, MA 15991",,,Port Frank,ID,54873,4062555223,36@vc.com,A036,DPP00006,DPP00006,DPP00006,DPP00006,,DPP00006,Y,N,Y,N,,,2020-02-05T00:00:00Z,2020-08-03T00:00:00Z,2020-02-05T00:00:00Z,2020-08-03T00:00:00Z,2020-02-05T00:00:00Z,2020-08-03T00:00:00Z,2020-02-05T00:00:00Z,2020-08-03T00:00:00Z,2020-02-05T00:00:00Z,2020-08-03T00:00:00Z,2020-02-05T00:00:00Z,2020-08-03T00:00:00Z,ABCNCD,,N,2020-02-05T00:00:00Z,2020-08-03T00:00:00Z,0,2005-02-05T00:00:00Z,2,2,100,2020-02-05T00:00:00Z,2020-08-03T00:00:00Z,36,2020-02-05T00:00:00Z,0,3100,2018-02-05T00:00:00Z,XMO,1122,Y
910036150,PQR Health Care LLC,9100004253,2020-02-06T00:00:00Z,A137,S037,Lowland Health & Rehabilitation - 406,2020-02-06T00:00:00Z,2019-02-06T00:00:00Z,1,Jennifer,Bryant,,414-45-8127,M,M,1914-10-10T00:00:00Z,Y,N,T,N,"298 Amanda Loop Suite 447
Ashleyberg, GA 16661",,,South Richardmouth,ID,18789,4067671245,37@vc.com,A037,DPPA0000,DPPA0000,DPPA0000,DPPA0000,,DPPA0000,Y,N,Y,N,,,2020-02-06T00:00:00Z,2020-08-04T00:00:00Z,2020-02-06T00:00:00Z,2020-08-04T00:00:00Z,2020-02-06T00:00:00Z,2020-08-04T00:00:00Z,2020-02-06T00:00:00Z,2020-08-04T00:00:00Z,2020-02-06T00:00:00Z,2020-08-04T00:00:00Z,2020-02-06T00:00:00Z,2020-08-04T00:00:00Z,ABCNCD,,Y,2020-02-06T00:00:00Z,2020-08-04T00:00:00Z,0,2005-02-06T00:00:00Z,2,2,100,2020-02-06T00:00:00Z,2020-08-04T00:00:00Z,37,2020-02-06T00:00:00Z,0,3100,2018-02-06T00:00:00Z,XMO,1122,N
910036150,PQR Health Care LLC,9100004388,2020-02-07T00:00:00Z,A138,S038,homish Health & Rehabilitation - 407,2020-02-07T00:00:00Z,2019-02-07T00:00:00Z,2,Stephanie,Cunningham,,372-38-4808,W,F,1951-10-10T00:00:00Z,Y,N,T,N,"7637 Neal Island Suite 074
Lake Tyler, FM 81915",,,North Michael,ID,51745,4066011916,38@vc.com,A038,DPPA0001,DPPA0001,DPPA0001,DPPA0001,,DPPA0001,Y,N,Y,N,,,2020-02-07T00:00:00Z,2020-08-05T00:00:00Z,2020-02-07T00:00:00Z,2020-08-05T00:00:00Z,2020-02-07T00:00:00Z,2020-08-05T00:00:00Z,2020-02-07T00:00:00Z,2020-08-05T00:00:00Z,2020-02-07T00:00:00Z,2020-08-05T00:00:00Z,2020-02-07T00:00:00Z,2020-08-05T00:00:00Z,ABCNCD,,Y,2020-02-07T00:00:00Z,2020-08-05T00:00:00Z,0,2005-02-07T00:00:00Z,2,2,100,2020-02-07T00:00:00Z,2020-08-05T00:00:00Z,38,2020-02-07T00:00:00Z,0,3100,2018-02-07T00:00:00Z,XMO,1122,N
910036150,PQR Health Care LLC,9100001913,2020-02-08T00:00:00Z,A139,S039,Greenville Health & Rehabilitation - 122,2020-02-08T00:00:00Z,2019-02-08T00:00:00Z,1,Joseph,Fischer,M,292-02-7024,M,F,2013-10-08T00:00:00Z,Y,N,T,N,"116 Michael Crescent
West Morganport, VA 30213",,,Port Ashley,ID,25562,9062115467,39@vc.com,A039,DPPA0002,DPPA0002,DPPA0002,DPPA0002,,DPPA0002,Y,N,Y,N,,,2020-02-08T00:00:00Z,2020-08-06T00:00:00Z,2020-02-08T00:00:00Z,2020-08-06T00:00:00Z,2020-02-08T00:00:00Z,2020-08-06T00:00:00Z,2020-02-08T00:00:00Z,2020-08-06T00:00:00Z,2020-02-08T00:00:00Z,2020-08-06T00:00:00Z,2020-02-08T00:00:00Z,2020-08-06T00:00:00Z,ABCNCD,,Y,2020-02-08T00:00:00Z,2020-08-06T00:00:00Z,0,2005-02-08T00:00:00Z,2,2,100,2020-02-08T00:00:00Z,2020-08-06T00:00:00Z,39,2020-02-08T00:00:00Z,0,3100,2018-02-08T00:00:00Z,XMO,1122,Y
910036150,PQR Health Care LLC,9100002656,2020-02-09T00:00:00Z,A140,S040,Downtoen North - 123,2020-02-09T00:00:00Z,2019-02-09T00:00:00Z,1,Jill,Smith,A,586-31-4497,M,F,1933-01-04T00:00:00Z,Y,N,T,N,"562 Fisher Spur Suite 272
Davidburgh, NV 46267",,,Simmonsfort,ID,51558,1122334488,40@vc.com,A040,DPPA0006,DPPA0006,DPPA0006,DPPA0006,,DPPA0006,Y,N,Y,N,,,2020-02-09T00:00:00Z,2020-08-07T00:00:00Z,2020-02-09T00:00:00Z,2020-08-07T00:00:00Z,2020-02-09T00:00:00Z,2020-08-07T00:00:00Z,2020-02-09T00:00:00Z,2020-08-07T00:00:00Z,2020-02-09T00:00:00Z,2020-08-07T00:00:00Z,2020-02-09T00:00:00Z,2020-08-07T00:00:00Z,ABCNCD,,N,2020-02-09T00:00:00Z,2020-08-07T00:00:00Z,0,2005-02-09T00:00:00Z,2,2,100,2020-02-09T00:00:00Z,2020-08-07T00:00:00Z,40,2020-02-09T00:00:00Z,0,250,2018-02-09T00:00:00Z,XMO,1122,N
910036150,PQR Health Care LLC,9100002660,2020-02-10T00:00:00Z,A141,S041,Plaza  Living,2020-02-10T00:00:00Z,2019-02-10T00:00:00Z,2,Cynthia,Graham,,690-50-0630,H,M,1987-02-12T00:00:00Z,Y,N,T,N,"3906 Jim Corner
West Brian, SC 89301",,,East Cheryl,ID,80783,1234567890,41@vc.com,A041,MCC00000,MCC00000,MCC00000,MCC00000,,MCC00000,Y,N,Y,N,,,2020-02-10T00:00:00Z,2020-08-08T00:00:00Z,2020-02-10T00:00:00Z,2020-08-08T00:00:00Z,2020-02-10T00:00:00Z,2020-08-08T00:00:00Z,2020-02-10T00:00:00Z,2020-08-08T00:00:00Z,2020-02-10T00:00:00Z,2020-08-08T00:00:00Z,2020-02-10T00:00:00Z,2020-08-08T00:00:00Z,ABCNCD,,N,2020-02-10T00:00:00Z,2020-08-08T00:00:00Z,0,2005-02-10T00:00:00Z,2,2,100,2020-02-10T00:00:00Z,2020-08-08T00:00:00Z,41,2020-02-10T00:00:00Z,0,250,2018-02-10T00:00:00Z,XMO,1122,Y
910036150,PQR Health Care LLC,9100002675,2020-02-11T00:00:00Z,A142,S042,Plaza Health & Rehabilitation - 124,2020-02-11T00:00:00Z,2019-02-11T00:00:00Z,3,Megan,Hebert,,026-41-6434,S,M,1924-11-11T00:00:00Z,Y,N,T,N,"6708 Carpenter Overpass Suite 735
Bobbyton, GA 46350",Apt 701,,West Diamondberg,ID,8848,987654321,42@vc.com,A042,MPP00008,MPP00008,MPP00008,MPP00008,,MPP00008,Y,N,Y,N,,,2020-02-11T00:00:00Z,2020-08-09T00:00:00Z,2020-02-11T00:00:00Z,2020-08-09T00:00:00Z,2020-02-11T00:00:00Z,2020-08-09T00:00:00Z,2020-02-11T00:00:00Z,2020-08-09T00:00:00Z,2020-02-11T00:00:00Z,2020-08-09T00:00:00Z,2020-02-11T00:00:00Z,2020-08-09T00:00:00Z,ABCNCD,,N,2020-02-11T00:00:00Z,2020-08-09T00:00:00Z,0,2005-02-11T00:00:00Z,2,2,100,2020-02-11T00:00:00Z,2020-08-09T00:00:00Z,42,2020-02-11T00:00:00Z,0,206,2018-02-11T00:00:00Z,XMO,1122,Y
910036150,PQR Health Care LLC,9100002678,2020-02-12T00:00:00Z,A143,S043,Town Manor of VBVBV,2020-02-12T00:00:00Z,2019-02-12T00:00:00Z,4,Mark,Mcbride,,726-33-4248,D,F,1978-03-27T00:00:00Z,Y,N,T,N,"683 Lee Rest
New Nicolemouth, MD 70742",,,Barryview,ID,4279,1342567890,43@vc.com,A043,MPP00015,MPP00015,MPP00015,MPP00015,,MPP00015,Y,N,Y,N,,,2020-02-12T00:00:00Z,2020-08-10T00:00:00Z,2020-02-12T00:00:00Z,2020-08-10T00:00:00Z,2020-02-12T00:00:00Z,2020-08-10T00:00:00Z,2020-02-12T00:00:00Z,2020-08-10T00:00:00Z,2020-02-12T00:00:00Z,2020-08-10T00:00:00Z,2020-02-12T00:00:00Z,2020-08-10T00:00:00Z,ABCNCD,,Y,2020-02-12T00:00:00Z,2020-08-10T00:00:00Z,0,2005-02-12T00:00:00Z,2,2,100,2020-02-12T00:00:00Z,2020-08-10T00:00:00Z,43,2020-02-12T00:00:00Z,0,250,2018-02-12T00:00:00Z,XMO,1122,N
910036150,PQR Health Care LLC,9100002682,2020-02-13T00:00:00Z,A144,S044,Duck Health & Rehabilitation of VBVBV,2020-02-13T00:00:00Z,2019-02-13T00:00:00Z,1,Christopher,Hess,,438-78-5773,M,F,1985-06-05T00:00:00Z,Y,N,T,N,"1385 Mary Glen
Larryfurt, KS 63688",,,Monicabury,ID,6334,8899776655,44@vc.com,A044,MPP00020,MPP00020,MPP00020,MPP00020,,MPP00020,Y,N,Y,N,,,2020-02-13T00:00:00Z,2020-08-11T00:00:00Z,2020-02-13T00:00:00Z,2020-08-11T00:00:00Z,2020-02-13T00:00:00Z,2020-08-11T00:00:00Z,2020-02-13T00:00:00Z,2020-08-11T00:00:00Z,2020-02-13T00:00:00Z,2020-08-11T00:00:00Z,2020-02-13T00:00:00Z,2020-08-11T00:00:00Z,ABCNCD,,,2020-02-13T00:00:00Z,2020-08-11T00:00:00Z,0,2005-02-13T00:00:00Z,2,2,100,2020-02-13T00:00:00Z,2020-08-11T00:00:00Z,44,2020-02-13T00:00:00Z,0,3100,2018-02-13T00:00:00Z,XMO,1122,N
910036150,PQR Health Care LLC,9100002686,2020-02-14T00:00:00Z,A145,S045,Boswell Transitional Health,2020-02-14T00:00:00Z,2019-02-14T00:00:00Z,1,Michael,Brown,,636-97-4192,M,F,1999-04-26T00:00:00Z,Y,N,T,N,"77706 Stevens Crest
North Johnberg, MT 28480",,,Salazarchester,ID,73771,2088615453,45@vc.com,A045,MPPH0000,MPPH0000,MPPH0000,MPPH0000,,MPPH0000,Y,N,Y,N,,,2020-02-14T00:00:00Z,2020-08-12T00:00:00Z,2020-02-14T00:00:00Z,2020-08-12T00:00:00Z,2020-02-14T00:00:00Z,2020-08-12T00:00:00Z,2020-02-14T00:00:00Z,2020-08-12T00:00:00Z,2020-02-14T00:00:00Z,2020-08-12T00:00:00Z,2020-02-14T00:00:00Z,2020-08-12T00:00:00Z,ABCNCD,,Y,2020-02-14T00:00:00Z,2020-08-12T00:00:00Z,0,2005-02-14T00:00:00Z,2,2,100,2020-02-14T00:00:00Z,2020-08-12T00:00:00Z,45,2020-02-14T00:00:00Z,0,3100,2018-02-14T00:00:00Z,XMO,1122,Y
910036150,PQR Health Care LLC,9100002689,2020-02-15T00:00:00Z,A146,S046,VBVBV Services SNAKE,2020-02-15T00:00:00Z,2019-02-15T00:00:00Z,1,Michele,Gibbs,A,269-04-8452,M,F,1920-11-03T00:00:00Z,Y,N,P,N,"23732 Michael Island Suite 184
Lake Kenneth, NV 67876",,,Herreraview,ID,36224,1022003300,46@vc.com,A046,RCC00000,RCC00000,RCC00000,RCC00000,,RCC00000,Y,N,Y,N,,,2020-02-15T00:00:00Z,2020-08-13T00:00:00Z,2020-02-15T00:00:00Z,2020-08-13T00:00:00Z,2020-02-15T00:00:00Z,2020-08-13T00:00:00Z,2020-02-15T00:00:00Z,2020-08-13T00:00:00Z,2020-02-15T00:00:00Z,2020-08-13T00:00:00Z,2020-02-15T00:00:00Z,2020-08-13T00:00:00Z,ABCNCD,,Y,2020-02-15T00:00:00Z,2020-08-13T00:00:00Z,0,2005-02-15T00:00:00Z,2,2,100,2020-02-15T00:00:00Z,2020-08-13T00:00:00Z,46,2020-02-15T00:00:00Z,0,3100,2018-02-15T00:00:00Z,XMO,1122,N
910036150,PQR Health Care LLC,9100002694,2020-02-16T00:00:00Z,A147,S047,Peigon Rock Health & Rehab of VBVBV,2020-02-16T00:00:00Z,2019-02-16T00:00:00Z,2,Cynthia,Perez,,337-22-3903,H,M,1955-09-25T00:00:00Z,Y,N,T,N,"126 Jeffery Street
Lake Amandachester, PR 07024",,,South Deannaville,ID,97138,5096807539,47@vc.com,A047,RPP00008,RPP00008,RPP00008,RPP00008,,RPP00008,Y,N,Y,N,,,2020-02-16T00:00:00Z,2020-08-14T00:00:00Z,2020-02-16T00:00:00Z,2020-08-14T00:00:00Z,2020-02-16T00:00:00Z,2020-08-14T00:00:00Z,2020-02-16T00:00:00Z,2020-08-14T00:00:00Z,2020-02-16T00:00:00Z,2020-08-14T00:00:00Z,2020-02-16T00:00:00Z,2020-08-14T00:00:00Z,ABCNCD,,Y,2020-02-16T00:00:00Z,2020-08-14T00:00:00Z,0,2005-02-16T00:00:00Z,2,2,100,2020-02-16T00:00:00Z,2020-08-14T00:00:00Z,47,2020-02-16T00:00:00Z,0,250,2018-02-16T00:00:00Z,XMO,1122,Y
910036150,PQR Health Care LLC,9100002705,2020-02-17T00:00:00Z,A148,S048,Silverton Health care of VBVBV,2020-02-17T00:00:00Z,2019-02-17T00:00:00Z,3,Sara,Williams,,587-79-2420,S,M,2013-09-28T00:00:00Z,Y,N,T,N,"843 Calvin Inlet
Jesusfort, LA 76792",,,East Lisa,ID,72999,5036807539,48@vc.com,A048,RPP00015,RPP00015,RPP00015,RPP00015,,RPP00015,Y,N,Y,N,,,2020-02-17T00:00:00Z,2020-08-15T00:00:00Z,2020-02-17T00:00:00Z,2020-08-15T00:00:00Z,2020-02-17T00:00:00Z,2020-08-15T00:00:00Z,2020-02-17T00:00:00Z,2020-08-15T00:00:00Z,2020-02-17T00:00:00Z,2020-08-15T00:00:00Z,2020-02-17T00:00:00Z,2020-08-15T00:00:00Z,ABCNCD,,N,2020-02-17T00:00:00Z,2020-08-15T00:00:00Z,0,2005-02-17T00:00:00Z,2,2,100,2020-02-17T00:00:00Z,2020-08-15T00:00:00Z,48,2020-02-17T00:00:00Z,0,250,2018-02-17T00:00:00Z,XMO,1122,Y
910036150,PQR Health Care LLC,9100004159,2020-02-18T00:00:00Z,A149,S049,Paradise Creek Health of VBVBV,2020-02-18T00:00:00Z,2019-02-18T00:00:00Z,1,Jeffrey,Ruiz,A,405-31-7884,M,F,1961-11-07T00:00:00Z,Y,N,T,N,"026 Theresa Pass Apt. 237
East Jessica, GU 31131",,,Gomezshire,ID,17873,5096807539,49@vc.com,A049,RPP00020,RPP00020,RPP00020,RPP00020,,RPP00020,Y,N,Y,N,,,2020-02-18T00:00:00Z,2020-08-16T00:00:00Z,2020-02-18T00:00:00Z,2020-08-16T00:00:00Z,2020-02-18T00:00:00Z,2020-08-16T00:00:00Z,2020-02-18T00:00:00Z,2020-08-16T00:00:00Z,2020-02-18T00:00:00Z,2020-08-16T00:00:00Z,2020-02-18T00:00:00Z,2020-08-16T00:00:00Z,ABCNCD,,N,2020-02-18T00:00:00Z,2020-08-16T00:00:00Z,0,2005-02-18T00:00:00Z,2,2,100,2020-02-18T00:00:00Z,2020-08-16T00:00:00Z,49,2020-02-18T00:00:00Z,0,206,2018-02-18T00:00:00Z,XMO,1122,Y
910036150,PQR Health Care LLC,9100004266,2020-02-19T00:00:00Z,A150,S050,Paradise Creek of Olympus healthy Living,2020-02-19T00:00:00Z,2019-02-19T00:00:00Z,1,Jennifer,Middleton,,619-60-2645,M,F,1930-11-24T00:00:00Z,Y,N,T,N,"089 Burns Inlet
East Angelaburgh, TN 65342",,,Payneland,ID,34469,9062918989,50@vc.com,A050,RPPH0000,RPPH0000,RPPH0000,RPPH0000,,RPPH0000,Y,N,Y,N,,,2020-02-19T00:00:00Z,2020-08-17T00:00:00Z,2020-02-19T00:00:00Z,2020-08-17T00:00:00Z,2020-02-19T00:00:00Z,2020-08-17T00:00:00Z,2020-02-19T00:00:00Z,2020-08-17T00:00:00Z,2020-02-19T00:00:00Z,2020-08-17T00:00:00Z,2020-02-19T00:00:00Z,2020-08-17T00:00:00Z,ABCNCD,,N,2020-02-19T00:00:00Z,2020-08-17T00:00:00Z,0,2005-02-19T00:00:00Z,2,2,100,2020-02-19T00:00:00Z,2020-08-17T00:00:00Z,50,2020-02-19T00:00:00Z,0,250,2018-02-19T00:00:00Z,XMO,1122,Y
910036150,PQR Health Care LLC,9100004366,2020-02-20T00:00:00Z,A151,S051,Paradise Creek of  South,2020-02-20T00:00:00Z,2019-02-20T00:00:00Z,1,Michael,Luna,,136-15-5849,M,F,1930-05-16T00:00:00Z,Y,N,T,N,"354 Acevedo Fords Apt. 535
Barnettbury, KS 45612",,,West Andre,ID,75682,4062911916,51@vc.com,A051,VBC00000,VBC00000,VBC00000,VBC00000,,VBC00000,Y,N,Y,N,,,2020-02-20T00:00:00Z,2020-08-18T00:00:00Z,2020-02-20T00:00:00Z,2020-08-18T00:00:00Z,2020-02-20T00:00:00Z,2020-08-18T00:00:00Z,2020-02-20T00:00:00Z,2020-08-18T00:00:00Z,2020-02-20T00:00:00Z,2020-08-18T00:00:00Z,2020-02-20T00:00:00Z,2020-08-18T00:00:00Z,ABCNCD,,Y,2020-02-20T00:00:00Z,2020-08-18T00:00:00Z,0,2005-02-20T00:00:00Z,2,2,100,2020-02-20T00:00:00Z,2020-08-18T00:00:00Z,51,2020-02-20T00:00:00Z,0,3100,2018-02-20T00:00:00Z,XMO,1122,N
910036150,PQR Health Care LLC,9100004406,2020-02-21T00:00:00Z,A152,S052,Eureka Health of VBVBV,2020-02-21T00:00:00Z,2019-02-21T00:00:00Z,2,Leah,Sutton,,876-53-4289,H,M,1929-05-12T00:00:00Z,Y,N,T,N,"0700 Brady Fork
Carlton, MI 87529",,,Taylorborough,ID,59347,9062115467,52@vc.com,A052,VBCA0000,VBCA0000,VBCA0000,VBCA0000,,VBCA0000,Y,N,Y,N,,,2020-02-21T00:00:00Z,2020-08-19T00:00:00Z,2020-02-21T00:00:00Z,2020-08-19T00:00:00Z,2020-02-21T00:00:00Z,2020-08-19T00:00:00Z,2020-02-21T00:00:00Z,2020-08-19T00:00:00Z,2020-02-21T00:00:00Z,2020-08-19T00:00:00Z,2020-02-21T00:00:00Z,2020-08-19T00:00:00Z,ABCNCD,,Y,2020-02-21T00:00:00Z,2020-08-19T00:00:00Z,0,2005-02-21T00:00:00Z,2,2,100,2020-02-21T00:00:00Z,2020-08-19T00:00:00Z,52,2020-02-21T00:00:00Z,0,3100,2018-02-21T00:00:00Z,XMO,1122,N
910036150,PQR Health Care LLC,9100004409,2020-02-22T00:00:00Z,A153,S053,Sunstone of VBVBV,2020-02-22T00:00:00Z,2019-02-22T00:00:00Z,3,Laura,Bennett,,011-15-5934,S,M,2019-01-21T00:00:00Z,Y,N,T,N,"2566 Robert Greens Suite 091
Finleyburgh, AL 66109",,,New Misty,ID,67863,2088742338,53@vc.com,A053,FSA00001,FSA00001,FSA00001,FSA00001,,FSA00001,Y,N,Y,N,,,2020-02-22T00:00:00Z,2020-08-20T00:00:00Z,2020-02-22T00:00:00Z,2020-08-20T00:00:00Z,2020-02-22T00:00:00Z,2020-08-20T00:00:00Z,2020-02-22T00:00:00Z,2020-08-20T00:00:00Z,2020-02-22T00:00:00Z,2020-08-20T00:00:00Z,2020-02-22T00:00:00Z,2020-08-20T00:00:00Z,ABCNCD,,Y,2020-02-22T00:00:00Z,2020-08-20T00:00:00Z,0,2005-02-22T00:00:00Z,2,2,100,2020-02-22T00:00:00Z,2020-08-20T00:00:00Z,53,2020-02-22T00:00:00Z,0,3100,2018-02-22T00:00:00Z,XMO,1122,N
910036150,PQR Health Care LLC,9100004453,2020-02-23T00:00:00Z,A154,S054,Sunstone of Olympus  Living,2020-02-23T00:00:00Z,2019-02-23T00:00:00Z,4,George,Gillespie,,452-73-0880,D,F,1958-11-09T00:00:00Z,Y,N,T,Y,"53230 Julia Villages
Lake Christian, VI 78866",,,New Courtneyberg,WA,81102,2088742338,54@vc.com,A054,FSA00002,FSA00002,FSA00002,FSA00002,,FSA00002,Y,N,Y,N,,,2020-02-23T00:00:00Z,2020-08-21T00:00:00Z,2020-02-23T00:00:00Z,2020-08-21T00:00:00Z,2020-02-23T00:00:00Z,2020-08-21T00:00:00Z,2020-02-23T00:00:00Z,2020-08-21T00:00:00Z,2020-02-23T00:00:00Z,2020-08-21T00:00:00Z,2020-02-23T00:00:00Z,2020-08-21T00:00:00Z,ABCNCD,,N,2020-02-23T00:00:00Z,2020-08-21T00:00:00Z,0,2005-02-23T00:00:00Z,2,2,100,2020-02-23T00:00:00Z,2020-08-21T00:00:00Z,54,2020-02-23T00:00:00Z,0,3100,2018-02-23T00:00:00Z,XMO,1122,Y
910036150,PQR Health Care LLC,9100004740,2020-02-24T00:00:00Z,A155,R055,Creekside *** DO NOT USE***,2020-02-24T00:00:00Z,2019-02-24T00:00:00Z,1,Timothy,Rivers,D,580-53-9112,M,F,1920-05-14T00:00:00Z,Y,N,T,N,"6007 Michael Skyway Apt. 738
Francisfurt, MA 35869",,,Blackburntown,ID,41233,3609499111,55@vc.com,A055,FSA00003,FSA00003,FSA00003,FSA00003,,FSA00003,Y,N,Y,N,,,2020-02-24T00:00:00Z,2020-08-22T00:00:00Z,2020-02-24T00:00:00Z,2020-08-22T00:00:00Z,2020-02-24T00:00:00Z,2020-08-22T00:00:00Z,2020-02-24T00:00:00Z,2020-08-22T00:00:00Z,2020-02-24T00:00:00Z,2020-08-22T00:00:00Z,2020-02-24T00:00:00Z,2020-08-22T00:00:00Z,ABCNCD,,N,2020-02-24T00:00:00Z,2020-08-22T00:00:00Z,0,2005-02-24T00:00:00Z,2,2,100,2020-02-24T00:00:00Z,2020-08-22T00:00:00Z,55,2020-02-24T00:00:00Z,0,250,2018-02-24T00:00:00Z,XMO,1122,Y
910036150,PQR Health Care LLC,9100004797,2020-02-25T00:00:00Z,A156,S055,Creekside  Rehab of VBVBV,2020-02-25T00:00:00Z,2019-02-25T00:00:00Z,2,John,Jennings,D,510-40-4497,H,M,1938-05-20T00:00:00Z,Y,N,T,N,"708 Villa Camp Suite 616
Tylertown, KY 97488",,,West Erinshire,ID,92606,3609499111,56@vc.com,A056,HSA00000,HSA00000,HSA00000,HSA00000,,HSA00000,Y,N,Y,N,,,2020-02-25T00:00:00Z,2020-08-23T00:00:00Z,2020-02-25T00:00:00Z,2020-08-23T00:00:00Z,2020-02-25T00:00:00Z,2020-08-23T00:00:00Z,2020-02-25T00:00:00Z,2020-08-23T00:00:00Z,2020-02-25T00:00:00Z,2020-08-23T00:00:00Z,2020-02-25T00:00:00Z,2020-08-23T00:00:00Z,UJHTGDE,,N,2020-02-25T00:00:00Z,2020-08-23T00:00:00Z,0,2005-02-25T00:00:00Z,2,2,100,2020-02-25T00:00:00Z,2020-08-23T00:00:00Z,56,2020-02-25T00:00:00Z,0,250,2018-02-25T00:00:00Z,XMP,1122,N
910036150,PQR Health Care LLC,9100003347,2020-02-26T00:00:00Z,A157,S056,Coastline Health of VBVBV,2020-02-26T00:00:00Z,2019-02-26T00:00:00Z,1,Misty,Kelly,A,235-84-6127,M,F,1993-11-06T00:00:00Z,Y,N,P,N,"388 Hughes Village Suite 319
Lindabury, OR 88825",,,Franciscoberg,MT,43841,7608808588,57@vc.com,A057,DMC00000,DMC00000,DMC00000,DMC00000,,DMC00000,Y,N,Y,N,,,2020-02-26T00:00:00Z,2020-08-24T00:00:00Z,2020-02-26T00:00:00Z,2020-08-24T00:00:00Z,2020-02-26T00:00:00Z,2020-08-24T00:00:00Z,2020-02-26T00:00:00Z,2020-08-24T00:00:00Z,2020-02-26T00:00:00Z,2020-08-24T00:00:00Z,2020-02-26T00:00:00Z,2020-08-24T00:00:00Z,UJHTGDE,,Y,2020-02-26T00:00:00Z,2020-08-24T00:00:00Z,0,2005-02-26T00:00:00Z,2,2,100,2020-02-26T00:00:00Z,2020-08-24T00:00:00Z,57,2020-02-26T00:00:00Z,0,206,2018-02-26T00:00:00Z,XMP,1122,N
910036150,PQR Health Care LLC,9100003350,2020-02-27T00:00:00Z,A158,S057,Coas of VBVBV,2020-02-27T00:00:00Z,2019-02-27T00:00:00Z,2,Tommy,Shaw,,323-67-0027,D,F,1920-04-27T00:00:00Z,Y,N,T,N,"092 Cox Road
Marcusfurt, PA 56993",,,North Kristina,ID,75028,2085015996,58@vc.com,A058,DMC00000,DMC00000,DMC00000,DMC00000,,DMC00000,Y,N,Y,N,,,2020-02-27T00:00:00Z,2020-08-25T00:00:00Z,2020-02-27T00:00:00Z,2020-08-25T00:00:00Z,2020-02-27T00:00:00Z,2020-08-25T00:00:00Z,2020-02-27T00:00:00Z,2020-08-25T00:00:00Z,2020-02-27T00:00:00Z,2020-08-25T00:00:00Z,2020-02-27T00:00:00Z,2020-08-25T00:00:00Z,UJHTGDE,,Y,2020-02-27T00:00:00Z,2020-08-25T00:00:00Z,0,2005-02-27T00:00:00Z,2,2,100,2020-02-27T00:00:00Z,2020-08-25T00:00:00Z,58,2020-02-27T00:00:00Z,0,250,2018-02-27T00:00:00Z,XMP,1122,Y
910036150,PQR Health Care LLC,9100003353,2020-02-28T00:00:00Z,A159,S058,Creekside Retirement Living,2020-02-28T00:00:00Z,2019-02-28T00:00:00Z,1,Catherine,Underwood,,205-11-7637,M,F,1934-09-20T00:00:00Z,Y,N,T,N,"0749 Chad Manors
Stephanieburgh, NC 22764",,,Lake Danielleshire,MT,14925,9065115467,59@vc.com,A059,DMCA0000,DMCA0000,DMCA0000,DMCA0000,,DMCA0000,Y,N,Y,N,,,2020-02-28T00:00:00Z,2020-08-26T00:00:00Z,2020-02-28T00:00:00Z,2020-08-26T00:00:00Z,2020-02-28T00:00:00Z,2020-08-26T00:00:00Z,2020-02-28T00:00:00Z,2020-08-26T00:00:00Z,2020-02-28T00:00:00Z,2020-08-26T00:00:00Z,2020-02-28T00:00:00Z,2020-08-26T00:00:00Z,UJHTGDE,,Y,2020-02-28T00:00:00Z,2020-08-26T00:00:00Z,0,2005-02-28T00:00:00Z,2,2,100,2020-02-28T00:00:00Z,2020-08-26T00:00:00Z,59,2020-02-28T00:00:00Z,0,3100,2018-02-28T00:00:00Z,XMP,1122,N
910036150,PQR Health Care LLC,9100004074,2020-02-29T00:00:00Z,A160,S059,The Abbey  Living,2020-02-29T00:00:00Z,2019-03-01T00:00:00Z,1,Christopher,Carlson,,106-92-1696,M,F,1944-12-13T00:00:00Z,Y,N,T,N,"USCGC Fischer
FPO AA 41316",,,Alexanderview,ID,34342,9062918989,60@vc.com,A060,DMCA0000,DMCA0000,DMCA0000,DMCA0000,,DMCA0000,Y,N,Y,N,,,2020-02-29T00:00:00Z,2020-08-27T00:00:00Z,2020-02-29T00:00:00Z,2020-08-27T00:00:00Z,2020-02-29T00:00:00Z,2020-08-27T00:00:00Z,2020-02-29T00:00:00Z,2020-08-27T00:00:00Z,2020-02-29T00:00:00Z,2020-08-27T00:00:00Z,2020-02-29T00:00:00Z,2020-08-27T00:00:00Z,UJHTGDE,,N,2020-02-29T00:00:00Z,2020-08-27T00:00:00Z,0,2005-03-01T00:00:00Z,2,2,100,2020-02-29T00:00:00Z,2020-08-27T00:00:00Z,60,2020-02-29T00:00:00Z,0,3100,2018-03-01T00:00:00Z,XMP,1122,Y
910036150,PQR Health Care LLC,9100004083,2020-03-01T00:00:00Z,A161,S060,Spokane Valley of VBVBV,2020-03-01T00:00:00Z,2019-03-02T00:00:00Z,1,Nicholas,Butler,,579-65-5499,M,F,2019-06-05T00:00:00Z,Y,N,T,N,"3620 Kristen Squares Suite 570
Fieldsbury, MH 02557",,,Allisonburgh,ID,89663,4088911916,61@vc.com,A061,DPP00000,DPP00000,DPP00000,DPP00000,,DPP00000,Y,N,Y,N,,,2020-03-01T00:00:00Z,2020-08-28T00:00:00Z,2020-03-01T00:00:00Z,2020-08-28T00:00:00Z,2020-03-01T00:00:00Z,2020-08-28T00:00:00Z,2020-03-01T00:00:00Z,2020-08-28T00:00:00Z,2020-03-01T00:00:00Z,2020-08-28T00:00:00Z,2020-03-01T00:00:00Z,2020-08-28T00:00:00Z,UJHTGDE,,N,2020-03-01T00:00:00Z,2020-08-28T00:00:00Z,0,2005-03-02T00:00:00Z,2,2,100,2020-03-01T00:00:00Z,2020-08-28T00:00:00Z,61,2020-03-01T00:00:00Z,0,3100,2018-03-02T00:00:00Z,XMP,1122,Y
910036150,PQR Health Care LLC,9100004085,2020-03-02T00:00:00Z,A162,S061,Olympus Spokane Valley,2020-03-02T00:00:00Z,2019-03-03T00:00:00Z,1,Carol,Valdez,,153-67-1435,M,F,1933-05-06T00:00:00Z,Y,N,T,N,"703 Joshua Trace Suite 197
Lake Jennifer, VI 67203",,,East Frankland,ID,56435,9099115467,62@vc.com,A062,DPP00001,DPP00001,DPP00001,DPP00001,,DPP00001,Y,N,Y,N,,,2020-03-02T00:00:00Z,2020-08-29T00:00:00Z,2020-03-02T00:00:00Z,2020-08-29T00:00:00Z,2020-03-02T00:00:00Z,2020-08-29T00:00:00Z,2020-03-02T00:00:00Z,2020-08-29T00:00:00Z,2020-03-02T00:00:00Z,2020-08-29T00:00:00Z,2020-03-02T00:00:00Z,2020-08-29T00:00:00Z,UJHTGDE,,N,2020-03-02T00:00:00Z,2020-08-29T00:00:00Z,0,2005-03-03T00:00:00Z,2,2,100,2020-03-02T00:00:00Z,2020-08-29T00:00:00Z,62,2020-03-02T00:00:00Z,0,250,2018-03-03T00:00:00Z,XMP,1122,N
910036150,PQR Health Care LLC,9100004535,2020-03-03T00:00:00Z,A163,S062,Birch of VBVBV,2020-03-03T00:00:00Z,2019-03-04T00:00:00Z,1,Christine,Schultz,E,680-74-3496,M,F,1989-03-17T00:00:00Z,Y,N,T,N,"6595 Kurt Park Apt. 436
Grahamfurt, UT 05536",C202,,Gomezshire,MT,17122,9062988989,63@vc.com,A063,DPP00002,DPP00002,DPP00002,DPP00002,,DPP00002,Y,N,Y,N,,,2020-03-03T00:00:00Z,2020-08-30T00:00:00Z,2020-03-03T00:00:00Z,2020-08-30T00:00:00Z,2020-03-03T00:00:00Z,2020-08-30T00:00:00Z,2020-03-03T00:00:00Z,2020-08-30T00:00:00Z,2020-03-03T00:00:00Z,2020-08-30T00:00:00Z,2020-03-03T00:00:00Z,2020-08-30T00:00:00Z,UJHTGDE,,Y,2020-03-03T00:00:00Z,2020-08-30T00:00:00Z,0,2005-03-04T00:00:00Z,2,2,100,2020-03-03T00:00:00Z,2020-08-30T00:00:00Z,63,2020-03-03T00:00:00Z,0,250,2018-03-04T00:00:00Z,XMP,1122,N
910036150,PQR Health Care LLC,9100001971,2020-03-04T00:00:00Z,A164,S062,Rang-Fisher_Thomas,2020-03-04T00:00:00Z,2019-03-05T00:00:00Z,1,Elizabeth,Gonzales,,867-60-1104,M,F,1927-10-06T00:00:00Z,Y,N,T,N,"0678 Bob Port Suite 501
Lake Daniel, ND 62249",,,West Sarahtown,WA,41762,4088911988,64@vc.com,A064,DPP00006,DPP00006,DPP00006,DPP00006,,DPP00006,Y,N,Y,N,,,2020-03-04T00:00:00Z,2020-08-31T00:00:00Z,2020-03-04T00:00:00Z,2020-08-31T00:00:00Z,2020-03-04T00:00:00Z,2020-08-31T00:00:00Z,2020-03-04T00:00:00Z,2020-08-31T00:00:00Z,2020-03-04T00:00:00Z,2020-08-31T00:00:00Z,2020-03-04T00:00:00Z,2020-08-31T00:00:00Z,UJHTGDE,,Y,2020-03-04T00:00:00Z,2020-08-31T00:00:00Z,0,2005-03-05T00:00:00Z,2,2,100,2020-03-04T00:00:00Z,2020-08-31T00:00:00Z,64,2020-03-04T00:00:00Z,0,3100,2018-03-05T00:00:00Z,XMP,1122,Y
910036150,PQR Health Care LLC,9100005826,2020-03-05T00:00:00Z,A165,S062,Rang-Fisher_Page,2020-03-05T00:00:00Z,2019-03-06T00:00:00Z,1,Amy,Parker,,068-11-9910,M,M,2007-03-26T00:00:00Z,Y,N,T,N,"462 Richard Inlet
East Davidberg, PW 63532",,,Lake Madisonton,AZ,73238,9022115467,65@vc.com,A065,DPPA0000,DPPA0000,DPPA0000,DPPA0000,,DPPA0000,Y,N,Y,N,,,2020-03-05T00:00:00Z,2020-09-01T00:00:00Z,2020-03-05T00:00:00Z,2020-09-01T00:00:00Z,2020-03-05T00:00:00Z,2020-09-01T00:00:00Z,2020-03-05T00:00:00Z,2020-09-01T00:00:00Z,2020-03-05T00:00:00Z,2020-09-01T00:00:00Z,2020-03-05T00:00:00Z,2020-09-01T00:00:00Z,UJHTGDE,,Y,2020-03-05T00:00:00Z,2020-09-01T00:00:00Z,0,2005-03-06T00:00:00Z,2,2,100,2020-03-05T00:00:00Z,2020-09-01T00:00:00Z,65,2020-03-05T00:00:00Z,0,3100,2018-03-06T00:00:00Z,XMP,1122,N
910036150,PQR Health Care LLC,9100005836,2020-03-06T00:00:00Z,A166,S062,Rang-Fisher_Marvin,2020-03-06T00:00:00Z,2019-03-07T00:00:00Z,2,Leslie,Williams,,599-73-7947,W,F,1916-06-05T00:00:00Z,Y,N,T,N,"59118 Lisa Flats Suite 544
Lutzberg, WV 59329",PO Box 35,,North Cynthia,MT,23696,9062088989,66@vc.com,A066,DPPA0001,DPPA0001,DPPA0001,DPPA0001,,DPPA0001,Y,N,Y,N,,,2020-03-06T00:00:00Z,2020-09-02T00:00:00Z,2020-03-06T00:00:00Z,2020-09-02T00:00:00Z,2020-03-06T00:00:00Z,2020-09-02T00:00:00Z,2020-03-06T00:00:00Z,2020-09-02T00:00:00Z,2020-03-06T00:00:00Z,2020-09-02T00:00:00Z,2020-03-06T00:00:00Z,2020-09-02T00:00:00Z,UJHTGDE,,Y,2020-03-06T00:00:00Z,2020-09-02T00:00:00Z,0,2005-03-07T00:00:00Z,2,2,100,2020-03-06T00:00:00Z,2020-09-02T00:00:00Z,66,2020-03-06T00:00:00Z,0,3100,2018-03-07T00:00:00Z,XMP,1122,Y
910036150,PQR Health Care LLC,9100005841,2020-03-07T00:00:00Z,A167,S062,Rang-Fisher_PortChris,2020-03-07T00:00:00Z,2019-03-08T00:00:00Z,3,Tyler,Martin,,023-82-4225,S,M,1952-12-09T00:00:00Z,Y,N,T,N,"1379 Lisa Pike
Lake Matthew, SD 18179",,,Ingramton,MT,71731,4084411988,67@vc.com,A067,DPPA0002,DPPA0002,DPPA0002,DPPA0002,,DPPA0002,Y,N,Y,N,,,2020-03-07T00:00:00Z,2020-09-03T00:00:00Z,2020-03-07T00:00:00Z,2020-09-03T00:00:00Z,2020-03-07T00:00:00Z,2020-09-03T00:00:00Z,2020-03-07T00:00:00Z,2020-09-03T00:00:00Z,2020-03-07T00:00:00Z,2020-09-03T00:00:00Z,2020-03-07T00:00:00Z,2020-09-03T00:00:00Z,UJHTGDE,,N,2020-03-07T00:00:00Z,2020-09-03T00:00:00Z,0,2005-03-08T00:00:00Z,2,2,100,2020-03-07T00:00:00Z,2020-09-03T00:00:00Z,67,2020-03-07T00:00:00Z,0,3100,2018-03-08T00:00:00Z,XMP,1122,Y
910036150,PQR Health Care LLC,9100005849,2020-03-08T00:00:00Z,A168,S062,Hamilton-Carr_Thoimas,2020-03-08T00:00:00Z,2019-03-09T00:00:00Z,1,Suzanne,Steele,P,409-26-9975,M,F,2002-11-11T00:00:00Z,Y,N,P,N,"11695 Rogers Lane Suite 125
East Jessicatown, MA 80124",,,North Robert,ID,8632,2011552506,68@vc.com,A068,DPPA0006,DPPA0006,DPPA0006,DPPA0006,,DPPA0006,Y,N,Y,N,,,2020-03-08T00:00:00Z,2020-09-04T00:00:00Z,2020-03-08T00:00:00Z,2020-09-04T00:00:00Z,2020-03-08T00:00:00Z,2020-09-04T00:00:00Z,2020-03-08T00:00:00Z,2020-09-04T00:00:00Z,2020-03-08T00:00:00Z,2020-09-04T00:00:00Z,2020-03-08T00:00:00Z,2020-09-04T00:00:00Z,OLPKIJSW,,N,2020-03-08T00:00:00Z,2020-09-04T00:00:00Z,0,2005-03-09T00:00:00Z,2,2,100,2020-03-08T00:00:00Z,2020-09-04T00:00:00Z,68,2020-03-08T00:00:00Z,0,206,2018-03-09T00:00:00Z,XMP,1122,Y
910036150,PQR Health Care LLC,9100005859,2020-03-09T00:00:00Z,A169,S062,Hamilton-Carr_Page,2020-03-09T00:00:00Z,2019-03-10T00:00:00Z,2,Wesley,Davis,W,852-53-2011,H,M,1918-10-02T00:00:00Z,Y,N,T,N,"92516 Scott Rapids Suite 497
Whitemouth, AS 35123",,,South Caleb,ID,13123,9066115467,69@vc.com,A069,MCC00000,MCC00000,MCC00000,MCC00000,,MCC00000,Y,N,Y,N,,,2020-03-09T00:00:00Z,2020-09-05T00:00:00Z,2020-03-09T00:00:00Z,2020-09-05T00:00:00Z,2020-03-09T00:00:00Z,2020-09-05T00:00:00Z,2020-03-09T00:00:00Z,2020-09-05T00:00:00Z,2020-03-09T00:00:00Z,2020-09-05T00:00:00Z,2020-03-09T00:00:00Z,2020-09-05T00:00:00Z,OLPKIJSW,,N,2020-03-09T00:00:00Z,2020-09-05T00:00:00Z,0,2005-03-10T00:00:00Z,2,2,100,2020-03-09T00:00:00Z,2020-09-05T00:00:00Z,69,2020-03-09T00:00:00Z,0,250,2018-03-10T00:00:00Z,XMP,1122,Y
910036150,PQR Health Care LLC,9100005869,2020-03-10T00:00:00Z,A170,S062,Hamilton-Carr_NewMarvin,2020-03-10T00:00:00Z,2019-03-11T00:00:00Z,1,Brandi,Barnes,,260-41-8730,M,F,1974-06-08T00:00:00Z,Y,N,T,N,"26905 Gibbs Summit Suite 710
Gibbsview, AK 85435",,,Port Margaretmouth,ID,47496,9055088989,70@vc.com,A070,MPP00008,MPP00008,MPP00008,MPP00008,,MPP00008,Y,N,Y,N,,,2020-03-10T00:00:00Z,2020-09-06T00:00:00Z,2020-03-10T00:00:00Z,2020-09-06T00:00:00Z,2020-03-10T00:00:00Z,2020-09-06T00:00:00Z,2020-03-10T00:00:00Z,2020-09-06T00:00:00Z,2020-03-10T00:00:00Z,2020-09-06T00:00:00Z,2020-03-10T00:00:00Z,2020-09-06T00:00:00Z,OLPKIJSW,,Y,2020-03-10T00:00:00Z,2020-09-06T00:00:00Z,0,2005-03-11T00:00:00Z,2,2,100,2020-03-10T00:00:00Z,2020-09-06T00:00:00Z,70,2020-03-10T00:00:00Z,0,206,2018-03-11T00:00:00Z,XMP,1122,N
910036150,PQR Health Care LLC,9100005872,2020-03-11T00:00:00Z,A171,S062,Hamilton-Carr_PortChristopher,2020-03-11T00:00:00Z,2019-03-12T00:00:00Z,1,Richard,Campbell,,483-90-0957,M,M,1930-03-02T00:00:00Z,Y,N,T,N,"USCGC Donaldson
FPO AE 68212",,,Susantown,WA,49874,4077411988,71@vc.com,A071,MPP00015,MPP00015,MPP00015,MPP00015,,MPP00015,Y,N,Y,N,,,2020-03-11T00:00:00Z,2020-09-07T00:00:00Z,2020-03-11T00:00:00Z,2020-09-07T00:00:00Z,2020-03-11T00:00:00Z,2020-09-07T00:00:00Z,2020-03-11T00:00:00Z,2020-09-07T00:00:00Z,2020-03-11T00:00:00Z,2020-09-07T00:00:00Z,2020-03-11T00:00:00Z,2020-09-07T00:00:00Z,OLPKIJSW,,Y,2020-03-11T00:00:00Z,2020-09-07T00:00:00Z,0,2005-03-12T00:00:00Z,2,2,100,2020-03-11T00:00:00Z,2020-09-07T00:00:00Z,71,2020-03-11T00:00:00Z,0,250,2018-03-12T00:00:00Z,XMP,1122,N
910036150,PQR Health Care LLC,9100005877,2020-03-12T00:00:00Z,A172,S062,Birch of VBVBV,2020-03-12T00:00:00Z,2019-03-13T00:00:00Z,1,Kristy,Bowen,,868-26-1022,M,M,1963-11-22T00:00:00Z,Y,N,T,N,"22395 Timothy Road
Williamsbury, SC 37407",A,,Georgebury,ID,46649,2011002506,72@vc.com,A072,MPP00020,MPP00020,MPP00020,MPP00020,,MPP00020,Y,N,Y,N,,,2020-03-12T00:00:00Z,2020-09-08T00:00:00Z,2020-03-12T00:00:00Z,2020-09-08T00:00:00Z,2020-03-12T00:00:00Z,2020-09-08T00:00:00Z,2020-03-12T00:00:00Z,2020-09-08T00:00:00Z,2020-03-12T00:00:00Z,2020-09-08T00:00:00Z,2020-03-12T00:00:00Z,2020-09-08T00:00:00Z,OLPKIJSW,,Y,2020-03-12T00:00:00Z,2020-09-08T00:00:00Z,0,2005-03-13T00:00:00Z,2,2,100,2020-03-12T00:00:00Z,2020-09-08T00:00:00Z,72,2020-03-12T00:00:00Z,0,3100,2018-03-13T00:00:00Z,XMP,1122,N
910036150,PQR Health Care LLC,9100005891,2020-03-13T00:00:00Z,A173,S062,Rang-Fisher_Thomas,2020-03-13T00:00:00Z,2019-03-14T00:00:00Z,2,Jonathan,Stanley,,079-98-2585,S,M,1987-07-28T00:00:00Z,Y,N,T,N,"5926 Fernando Prairie Apt. 622
North Madisonhaven, AL 05505",,,Port Sarashire,ID,80648,9011002506,73@vc.com,A073,MPPH0000,MPPH0000,MPPH0000,MPPH0000,,MPPH0000,Y,N,Y,N,,,2020-03-13T00:00:00Z,2020-09-09T00:00:00Z,2020-03-13T00:00:00Z,2020-09-09T00:00:00Z,2020-03-13T00:00:00Z,2020-09-09T00:00:00Z,2020-03-13T00:00:00Z,2020-09-09T00:00:00Z,2020-03-13T00:00:00Z,2020-09-09T00:00:00Z,2020-03-13T00:00:00Z,2020-09-09T00:00:00Z,OLPKIJSW,,N,2020-03-13T00:00:00Z,2020-09-09T00:00:00Z,0,2005-03-14T00:00:00Z,2,2,100,2020-03-13T00:00:00Z,2020-09-09T00:00:00Z,73,2020-03-13T00:00:00Z,0,3100,2018-03-14T00:00:00Z,XMP,1122,Y
910036150,PQR Health Care LLC,9100005904,2020-03-14T00:00:00Z,A174,S062,Rang-Fisher_Page,2020-03-14T00:00:00Z,2019-03-15T00:00:00Z,1,Jessica,Mendoza,A,854-26-9971,M,M,1961-10-31T00:00:00Z,Y,N,T,N,"606 Bradley Spur
Jenniferberg, MN 67380",,,New Richard,ID,17513,3084552506,74@vc.com,A074,RCC00000,RCC00000,RCC00000,RCC00000,,RCC00000,Y,N,Y,N,,,2020-03-14T00:00:00Z,2020-09-10T00:00:00Z,2020-03-14T00:00:00Z,2020-09-10T00:00:00Z,2020-03-14T00:00:00Z,2020-09-10T00:00:00Z,2020-03-14T00:00:00Z,2020-09-10T00:00:00Z,2020-03-14T00:00:00Z,2020-09-10T00:00:00Z,2020-03-14T00:00:00Z,2020-09-10T00:00:00Z,OLPKIJSW,,N,2020-03-14T00:00:00Z,2020-09-10T00:00:00Z,0,2005-03-15T00:00:00Z,2,2,100,2020-03-14T00:00:00Z,2020-09-10T00:00:00Z,74,2020-03-14T00:00:00Z,0,3100,2018-03-15T00:00:00Z,XMP,1122,Y
910036150,PQR Health Care LLC,9100005908,2020-03-15T00:00:00Z,A175,S062,Rang-Fisher_Marvin,2020-03-15T00:00:00Z,2019-03-16T00:00:00Z,1,Kevin,Green,,667-68-0855,M,F,2015-04-05T00:00:00Z,Y,N,T,N,"66376 Sabrina Garden Suite 691
Whitneyhaven, MN 71586",,,New Cherylfort,ID,31567,9011088989,75@vc.com,A075,RPP00008,RPP00008,RPP00008,RPP00008,,RPP00008,Y,N,Y,N,,,2020-03-15T00:00:00Z,2020-09-11T00:00:00Z,2020-03-15T00:00:00Z,2020-09-11T00:00:00Z,2020-03-15T00:00:00Z,2020-09-11T00:00:00Z,2020-03-15T00:00:00Z,2020-09-11T00:00:00Z,2020-03-15T00:00:00Z,2020-09-11T00:00:00Z,2020-03-15T00:00:00Z,2020-09-11T00:00:00Z,OLPKIJSW,,N,2020-03-15T00:00:00Z,2020-09-11T00:00:00Z,0,2005-03-16T00:00:00Z,2,2,100,2020-03-15T00:00:00Z,2020-09-11T00:00:00Z,75,2020-03-15T00:00:00Z,0,250,2018-03-16T00:00:00Z,XMP,1122,N
910036150,PQR Health Care LLC,9100005912,2020-03-16T00:00:00Z,A176,S062,Rang-Fisher_PortChris,2020-03-16T00:00:00Z,2019-03-17T00:00:00Z,2,Kimberly,Perkins,,717-04-2822,H,M,1909-10-03T00:00:00Z,Y,N,T,Y,"1802 Johnson Manor Suite 617
Martinmouth, NJ 54384",,,New Samantha,WA,37687,4077413388,76@vc.com,A076,RPP00015,RPP00015,RPP00015,RPP00015,,RPP00015,Y,N,Y,N,,,2020-03-16T00:00:00Z,2020-09-12T00:00:00Z,2020-03-16T00:00:00Z,2020-09-12T00:00:00Z,2020-03-16T00:00:00Z,2020-09-12T00:00:00Z,2020-03-16T00:00:00Z,2020-09-12T00:00:00Z,2020-03-16T00:00:00Z,2020-09-12T00:00:00Z,2020-03-16T00:00:00Z,2020-09-12T00:00:00Z,OLPKIJSW,,Y,2020-03-16T00:00:00Z,2020-09-12T00:00:00Z,0,2005-03-17T00:00:00Z,2,2,100,2020-03-16T00:00:00Z,2020-09-12T00:00:00Z,76,2020-03-16T00:00:00Z,0,250,2018-03-17T00:00:00Z,XMP,1122,N
910036150,PQR Health Care LLC,9100005918,2020-03-17T00:00:00Z,A177,S062,Hamilton-Carr_Thoimas,2020-03-17T00:00:00Z,2019-03-18T00:00:00Z,1,Connie,Schultz,A,847-80-3098,M,F,2005-01-17T00:00:00Z,Y,N,T,N,"5257 James Glens
Lake Brandy, LA 50323",,,West Andreaton,ID,89921,2011002506,77@vc.com,A077,RPP00020,RPP00020,RPP00020,RPP00020,,RPP00020,Y,N,Y,N,,,2020-03-17T00:00:00Z,2020-09-13T00:00:00Z,2020-03-17T00:00:00Z,2020-09-13T00:00:00Z,2020-03-17T00:00:00Z,2020-09-13T00:00:00Z,2020-03-17T00:00:00Z,2020-09-13T00:00:00Z,2020-03-17T00:00:00Z,2020-09-13T00:00:00Z,2020-03-17T00:00:00Z,2020-09-13T00:00:00Z,OLPKIJSW,,Y,2020-03-17T00:00:00Z,2020-09-13T00:00:00Z,0,2005-03-18T00:00:00Z,2,2,100,2020-03-17T00:00:00Z,2020-09-13T00:00:00Z,77,2020-03-17T00:00:00Z,0,250,2018-03-18T00:00:00Z,XMP,1122,Y
910036150,PQR Health Care LLC,9100005922,2020-03-18T00:00:00Z,A178,S062,Hamilton-Carr_Page,2020-03-18T00:00:00Z,2019-03-19T00:00:00Z,1,Lisa,Parks,J,793-15-9577,M,F,2013-01-24T00:00:00Z,Y,N,T,N,"352 Daniel Knolls Apt. 069
Fordland, WI 56262",,,East Eric,WA,22058,1102323506,78@vc.com,A078,RPPH0000,RPPH0000,RPPH0000,RPPH0000,,RPPH0000,Y,N,Y,N,,,2020-03-18T00:00:00Z,2020-09-14T00:00:00Z,2020-03-18T00:00:00Z,2020-09-14T00:00:00Z,2020-03-18T00:00:00Z,2020-09-14T00:00:00Z,2020-03-18T00:00:00Z,2020-09-14T00:00:00Z,2020-03-18T00:00:00Z,2020-09-14T00:00:00Z,2020-03-18T00:00:00Z,2020-09-14T00:00:00Z,OLPKIJSW,,Y,2020-03-18T00:00:00Z,2020-09-14T00:00:00Z,0,2005-03-19T00:00:00Z,2,2,100,2020-03-18T00:00:00Z,2020-09-14T00:00:00Z,78,2020-03-18T00:00:00Z,0,250,2018-03-19T00:00:00Z,XMP,1122,N
910036150,PQR Health Care LLC,9100005932,2020-03-19T00:00:00Z,A179,S062,Hamilton-Carr_NewMarvin,2020-03-19T00:00:00Z,2019-03-20T00:00:00Z,1,Donald,Welch,A,720-51-9490,M,F,2009-10-27T00:00:00Z,Y,N,P,N,"5945 Leah Walk
Ayalaview, MH 21252",,,Courtneymouth,WA,70379,1084552506,79@vc.com,A079,VBC00000,VBC00000,VBC00000,VBC00000,,VBC00000,Y,N,Y,N,,,2020-03-19T00:00:00Z,2020-09-15T00:00:00Z,2020-03-19T00:00:00Z,2020-09-15T00:00:00Z,2020-03-19T00:00:00Z,2020-09-15T00:00:00Z,2020-03-19T00:00:00Z,2020-09-15T00:00:00Z,2020-03-19T00:00:00Z,2020-09-15T00:00:00Z,2020-03-19T00:00:00Z,2020-09-15T00:00:00Z,OLPKIJSW,,N,2020-03-19T00:00:00Z,2020-09-15T00:00:00Z,0,2005-03-20T00:00:00Z,2,2,100,2020-03-19T00:00:00Z,2020-09-15T00:00:00Z,79,2020-03-19T00:00:00Z,0,3100,2018-03-20T00:00:00Z,XMP,1122,Y
910036150,PQR Health Care LLC,9100005937,2020-03-20T00:00:00Z,A180,S062,Hamilton-Carr_PortChristopher,2020-03-20T00:00:00Z,2019-03-21T00:00:00Z,1,Jason,Adams,,702-02-0845,M,M,1979-01-21T00:00:00Z,Y,N,T,N,"843 Reed Mountains Suite 661
East Adam, PA 83607",,,Lake Kimberlyborough,WA,78591,4085015996,80@vc.com,A080,VBCA0000,VBCA0000,VBCA0000,VBCA0000,,VBCA0000,Y,N,Y,N,,,2020-03-20T00:00:00Z,2020-09-16T00:00:00Z,2020-03-20T00:00:00Z,2020-09-16T00:00:00Z,2020-03-20T00:00:00Z,2020-09-16T00:00:00Z,2020-03-20T00:00:00Z,2020-09-16T00:00:00Z,2020-03-20T00:00:00Z,2020-09-16T00:00:00Z,2020-03-20T00:00:00Z,2020-09-16T00:00:00Z,OLPKIJSW,,N,2020-03-20T00:00:00Z,2020-09-16T00:00:00Z,0,2005-03-21T00:00:00Z,2,2,100,2020-03-20T00:00:00Z,2020-09-16T00:00:00Z,80,2020-03-20T00:00:00Z,0,3100,2018-03-21T00:00:00Z,XMP,1122,Y
910036150,PQR Health Care LLC,9100005949,2020-03-21T00:00:00Z,A181,S062,Hamilton-Carr_PortChristopher,2020-03-21T00:00:00Z,2019-03-22T00:00:00Z,2,Amy,Frank,,565-55-8498,W,F,1917-11-20T00:00:00Z,Y,N,T,N,"9261 Alex Lake
Floresmouth, MN 77080",,,Elizabethbury,ID,21347,2085015996,81@vc.com,A081,FSA00001,FSA00001,FSA00001,FSA00001,,FSA00001,Y,N,Y,N,,,2020-03-21T00:00:00Z,2020-09-17T00:00:00Z,2020-03-21T00:00:00Z,2020-09-17T00:00:00Z,2020-03-21T00:00:00Z,2020-09-17T00:00:00Z,2020-03-21T00:00:00Z,2020-09-17T00:00:00Z,2020-03-21T00:00:00Z,2020-09-17T00:00:00Z,2020-03-21T00:00:00Z,2020-09-17T00:00:00Z,OLPKIJSW,,N,2020-03-21T00:00:00Z,2020-09-17T00:00:00Z,0,2005-03-22T00:00:00Z,2,2,100,2020-03-21T00:00:00Z,2020-09-17T00:00:00Z,81,2020-03-21T00:00:00Z,0,3100,2018-03-22T00:00:00Z,XMP,1122,N
910036150,PQR Health Care LLC,9100005954,2020-03-22T00:00:00Z,A182,S062,Birch of VBVBV,2020-03-22T00:00:00Z,2019-03-23T00:00:00Z,3,Wayne,Hall,,743-50-5997,D,F,1954-05-25T00:00:00Z,Y,N,T,N,"202 Franklin Fords
Ericksonfurt, KS 03275",,,South George,WA,58298,9065115467,82@vc.com,A082,FSA00002,FSA00002,FSA00002,FSA00002,,FSA00002,Y,N,Y,N,,,2020-03-22T00:00:00Z,2020-09-18T00:00:00Z,2020-03-22T00:00:00Z,2020-09-18T00:00:00Z,2020-03-22T00:00:00Z,2020-09-18T00:00:00Z,2020-03-22T00:00:00Z,2020-09-18T00:00:00Z,2020-03-22T00:00:00Z,2020-09-18T00:00:00Z,2020-03-22T00:00:00Z,2020-09-18T00:00:00Z,OLPKIJSW,,Y,2020-03-22T00:00:00Z,2020-09-18T00:00:00Z,0,2005-03-23T00:00:00Z,2,2,100,2020-03-22T00:00:00Z,2020-09-18T00:00:00Z,82,2020-03-22T00:00:00Z,0,3100,2018-03-23T00:00:00Z,XMP,1122,N
910036150,PQR Health Care LLC,9100005959,2020-03-23T00:00:00Z,A183,S062,Rang-Fisher_Thomas,2020-03-23T00:00:00Z,2019-03-24T00:00:00Z,4,Kayla,Shepherd,,671-84-7822,D,F,2008-11-30T00:00:00Z,Y,N,T,N,"96538 Williams River Apt. 487
Kennedyburgh, IN 71411",,,Erikberg,ID,60390,9062918989,83@vc.com,A083,FSA00003,FSA00003,FSA00003,FSA00003,,FSA00003,Y,N,Y,N,,,2020-03-23T00:00:00Z,2020-09-19T00:00:00Z,2020-03-23T00:00:00Z,2020-09-19T00:00:00Z,2020-03-23T00:00:00Z,2020-09-19T00:00:00Z,2020-03-23T00:00:00Z,2020-09-19T00:00:00Z,2020-03-23T00:00:00Z,2020-09-19T00:00:00Z,2020-03-23T00:00:00Z,2020-09-19T00:00:00Z,OLPKIJSW,,Y,2020-03-23T00:00:00Z,2020-09-19T00:00:00Z,0,2005-03-24T00:00:00Z,2,2,100,2020-03-23T00:00:00Z,2020-09-19T00:00:00Z,83,2020-03-23T00:00:00Z,0,3100,2018-03-24T00:00:00Z,XMP,1122,Y
910036150,PQR Health Care LLC,9100005967,2020-03-24T00:00:00Z,A184,S062,Rang-Fisher_Page,2020-03-24T00:00:00Z,2019-03-25T00:00:00Z,1,Jason,Phillips,A,248-69-9620,M,F,1958-06-14T00:00:00Z,Y,N,T,N,"6968 Joseph Forks
West Donaldville, DC 86803",,,Port Elizabethshire,AZ,73734,4088911916,84@vc.com,A084,HSA00000,HSA00000,HSA00000,HSA00000,,HSA00000,Y,N,Y,N,,,2020-03-24T00:00:00Z,2020-09-20T00:00:00Z,2020-03-24T00:00:00Z,2020-09-20T00:00:00Z,2020-03-24T00:00:00Z,2020-09-20T00:00:00Z,2020-03-24T00:00:00Z,2020-09-20T00:00:00Z,2020-03-24T00:00:00Z,2020-09-20T00:00:00Z,2020-03-24T00:00:00Z,2020-09-20T00:00:00Z,OLPKIJSW,,Y,2020-03-24T00:00:00Z,2020-09-20T00:00:00Z,0,2005-03-25T00:00:00Z,2,2,100,2020-03-24T00:00:00Z,2020-09-20T00:00:00Z,84,2020-03-24T00:00:00Z,0,3100,2018-03-25T00:00:00Z,XMP,1122,N
910036150,PQR Health Care LLC,9100005994,2020-03-25T00:00:00Z,A185,S062,Rang-Fisher_Marvin,2020-03-25T00:00:00Z,2019-03-26T00:00:00Z,2,Richard,Gomez,,749-03-0710,D,F,1933-12-15T00:00:00Z,Y,N,T,N,"8971 Hansen Well
Moniquetown, IA 30208",,,Robersonport,WA,36474,9099115467,85@vc.com,A085,DMC00000,DMC00000,DMC00000,DMC00000,,DMC00000,Y,N,Y,N,,,2020-03-25T00:00:00Z,2020-09-21T00:00:00Z,2020-03-25T00:00:00Z,2020-09-21T00:00:00Z,2020-03-25T00:00:00Z,2020-09-21T00:00:00Z,2020-03-25T00:00:00Z,2020-09-21T00:00:00Z,2020-03-25T00:00:00Z,2020-09-21T00:00:00Z,2020-03-25T00:00:00Z,2020-09-21T00:00:00Z,OLPKIJSW,,Y,2020-03-25T00:00:00Z,2020-09-21T00:00:00Z,0,2005-03-26T00:00:00Z,2,2,100,2020-03-25T00:00:00Z,2020-09-21T00:00:00Z,85,2020-03-25T00:00:00Z,0,3100,2018-03-26T00:00:00Z,XMP,1122,Y
910036150,PQR Health Care LLC,9100006229,2020-03-26T00:00:00Z,A186,S062,Rang-Fisher_PortChris,2020-03-26T00:00:00Z,2019-03-27T00:00:00Z,1,Erica,Robinson,C,744-11-1495,M,F,1976-09-11T00:00:00Z,Y,N,T,N,"8511 Berry Fork Suite 623
Sharonfort, TN 47577",,,Patrickberg,WA,16158,9062988989,86@vc.com,A086,DMCA0000,DMCA0000,DMCA0000,DMCA0000,,DMCA0000,Y,N,Y,N,,,2020-03-26T00:00:00Z,2020-09-22T00:00:00Z,2020-03-26T00:00:00Z,2020-09-22T00:00:00Z,2020-03-26T00:00:00Z,2020-09-22T00:00:00Z,2020-03-26T00:00:00Z,2020-09-22T00:00:00Z,2020-03-26T00:00:00Z,2020-09-22T00:00:00Z,2020-03-26T00:00:00Z,2020-09-22T00:00:00Z,OLPKIJSW,,N,2020-03-26T00:00:00Z,2020-09-22T00:00:00Z,0,2005-03-27T00:00:00Z,2,2,100,2020-03-26T00:00:00Z,2020-09-22T00:00:00Z,86,2020-03-26T00:00:00Z,0,3100,2018-03-27T00:00:00Z,XMP,1122,Y
910036150,PQR Health Care LLC,9100006238,2020-03-27T00:00:00Z,A187,S062,Hamilton-Carr_Thoimas,2020-03-27T00:00:00Z,2019-03-28T00:00:00Z,2,Nancy,Taylor,,265-64-4973,D,F,1927-08-02T00:00:00Z,Y,N,T,N,"55645 Saunders Station Suite 174
South Ericbury, WA 25003",,,Victorville,AZ,89774,4088911988,87@vc.com,A087,DPP00000,DPP00000,DPP00000,DPP00000,,DPP00000,Y,N,Y,N,,,2020-03-27T00:00:00Z,2020-09-23T00:00:00Z,2020-03-27T00:00:00Z,2020-09-23T00:00:00Z,2020-03-27T00:00:00Z,2020-09-23T00:00:00Z,2020-03-27T00:00:00Z,2020-09-23T00:00:00Z,2020-03-27T00:00:00Z,2020-09-23T00:00:00Z,2020-03-27T00:00:00Z,2020-09-23T00:00:00Z,YHTGRFSE,,N,2020-03-27T00:00:00Z,2020-09-23T00:00:00Z,0,2005-03-28T00:00:00Z,2,2,100,2020-03-27T00:00:00Z,2020-09-23T00:00:00Z,87,2020-03-27T00:00:00Z,0,250,2018-03-28T00:00:00Z,XMP,1122,Y
910036150,PQR Health Care LLC,9100006249,2020-03-28T00:00:00Z,A188,S062,Hamilton-Carr_Page,2020-03-28T00:00:00Z,2019-03-29T00:00:00Z,1,Wesley,Ryan,A,226-86-2858,M,F,1969-12-16T00:00:00Z,Y,N,T,N,"8799 Emma Parkway Suite 735
North Thomasfurt, MH 30303",,,Joyceshire,AZ,5801,9022115467,88@vc.com,A088,DPP00001,DPP00001,DPP00001,DPP00001,,DPP00001,Y,N,Y,N,,,2020-03-28T00:00:00Z,2020-09-24T00:00:00Z,2020-03-28T00:00:00Z,2020-09-24T00:00:00Z,2020-03-28T00:00:00Z,2020-09-24T00:00:00Z,2020-03-28T00:00:00Z,2020-09-24T00:00:00Z,2020-03-28T00:00:00Z,2020-09-24T00:00:00Z,2020-03-28T00:00:00Z,2020-09-24T00:00:00Z,YHTGRFSE,,N,2020-03-28T00:00:00Z,2020-09-24T00:00:00Z,0,2005-03-29T00:00:00Z,2,2,100,2020-03-28T00:00:00Z,2020-09-24T00:00:00Z,88,2020-03-28T00:00:00Z,0,3100,2018-03-29T00:00:00Z,XMP,1122,Y
910036150,PQR Health Care LLC,9100006259,2020-03-29T00:00:00Z,A189,S062,Hamilton-Carr_NewMarvin,2020-03-29T00:00:00Z,2019-03-30T00:00:00Z,1,Jessica,Green,M,200-98-2911,M,F,2008-05-26T00:00:00Z,Y,N,T,N,"52125 Jesus Cape Apt. 680
North Lorraine, PA 26632",,,Lake Steventown,ID,68687,9062088989,89@vc.com,A089,DPP00002,DPP00002,DPP00002,DPP00002,,DPP00002,Y,N,Y,N,,,2020-03-29T00:00:00Z,2020-09-25T00:00:00Z,2020-03-29T00:00:00Z,2020-09-25T00:00:00Z,2020-03-29T00:00:00Z,2020-09-25T00:00:00Z,2020-03-29T00:00:00Z,2020-09-25T00:00:00Z,2020-03-29T00:00:00Z,2020-09-25T00:00:00Z,2020-03-29T00:00:00Z,2020-09-25T00:00:00Z,YHTGRFSE,,Y,2020-03-29T00:00:00Z,2020-09-25T00:00:00Z,0,2005-03-30T00:00:00Z,2,2,100,2020-03-29T00:00:00Z,2020-09-25T00:00:00Z,89,2020-03-29T00:00:00Z,0,3100,2018-03-30T00:00:00Z,XMP,1122,N
910036150,PQR Health Care LLC,9100006301,2020-03-30T00:00:00Z,A190,S062,Hamilton-Carr_PortChristopher,2020-03-30T00:00:00Z,2019-03-31T00:00:00Z,2,Richard,Davis,J,519-87-7645,H,M,2009-10-22T00:00:00Z,Y,N,P,N,"PSC 6182, Box 3366
APO AA 00549",,,Clarkton,WA,81210,4084411988,90@vc.com,A090,DPP00006,DPP00006,DPP00006,DPP00006,,DPP00006,Y,N,Y,N,,,2020-03-30T00:00:00Z,2020-09-26T00:00:00Z,2020-03-30T00:00:00Z,2020-09-26T00:00:00Z,2020-03-30T00:00:00Z,2020-09-26T00:00:00Z,2020-03-30T00:00:00Z,2020-09-26T00:00:00Z,2020-03-30T00:00:00Z,2020-09-26T00:00:00Z,2020-03-30T00:00:00Z,2020-09-26T00:00:00Z,YHTGRFSE,,Y,2020-03-30T00:00:00Z,2020-09-26T00:00:00Z,0,2005-03-31T00:00:00Z,2,2,100,2020-03-30T00:00:00Z,2020-09-26T00:00:00Z,90,2020-03-30T00:00:00Z,0,3100,2018-03-31T00:00:00Z,XMP,1122,N
910036150,PQR Health Care LLC,9100006306,2020-03-31T00:00:00Z,A191,S062,Rang-Fisher_Marvin,2020-03-31T00:00:00Z,2019-04-01T00:00:00Z,3,Thomas,Chambers,A,646-78-0474,D,F,1955-07-22T00:00:00Z,Y,N,T,N,"USS Aguilar
FPO AP 48665",,,Ericaberg,WA,78607,2011552506,91@vc.com,A091,DPPA0000,DPPA0000,DPPA0000,DPPA0000,,DPPA0000,Y,N,Y,N,,,2020-03-31T00:00:00Z,2020-09-27T00:00:00Z,2020-03-31T00:00:00Z,2020-09-27T00:00:00Z,2020-03-31T00:00:00Z,2020-09-27T00:00:00Z,2020-03-31T00:00:00Z,2020-09-27T00:00:00Z,2020-03-31T00:00:00Z,2020-09-27T00:00:00Z,2020-03-31T00:00:00Z,2020-09-27T00:00:00Z,YHTGRFSE,,Y,2020-03-31T00:00:00Z,2020-09-27T00:00:00Z,0,2005-04-01T00:00:00Z,2,2,100,2020-03-31T00:00:00Z,2020-09-27T00:00:00Z,91,2020-03-31T00:00:00Z,0,3100,2018-04-01T00:00:00Z,XMP,1122,N
910036150,PQR Health Care LLC,9100006309,2020-04-01T00:00:00Z,A192,S062,Rang-Fisher_PortChris,2020-04-01T00:00:00Z,2019-04-02T00:00:00Z,1,Robert,Callahan,,246-03-7945,M,F,1946-04-26T00:00:00Z,Y,N,T,N,"14029 Nicholas Ports Suite 368
New Danielfort, DE 67216",,,Harrisonmouth,ID,72298,9066115467,92@vc.com,A092,DPPA0001,DPPA0001,DPPA0001,DPPA0001,,DPPA0001,Y,N,Y,N,,,2020-04-01T00:00:00Z,2020-09-28T00:00:00Z,2020-04-01T00:00:00Z,2020-09-28T00:00:00Z,2020-04-01T00:00:00Z,2020-09-28T00:00:00Z,2020-04-01T00:00:00Z,2020-09-28T00:00:00Z,2020-04-01T00:00:00Z,2020-09-28T00:00:00Z,2020-04-01T00:00:00Z,2020-09-28T00:00:00Z,YHTGRFSE,,N,2020-04-01T00:00:00Z,2020-09-28T00:00:00Z,0,2005-04-02T00:00:00Z,2,2,100,2020-04-01T00:00:00Z,2020-09-28T00:00:00Z,92,2020-04-01T00:00:00Z,0,3100,2018-04-02T00:00:00Z,XMP,1122,Y
910036150,PQR Health Care LLC,9100006317,2020-04-02T00:00:00Z,A193,S062,Hamilton-Carr_Thoimas,2020-04-02T00:00:00Z,2019-04-03T00:00:00Z,1,Eric,Soto,B,193-78-8017,M,F,1955-06-09T00:00:00Z,Y,N,T,N,"6198 Wilkins Wall Apt. 735
Rowechester, AK 59090",,,New Richardmouth,ID,29858,9055088989,93@vc.com,A093,DPPA0002,DPPA0002,DPPA0002,DPPA0002,,DPPA0002,Y,N,Y,N,,,2020-04-02T00:00:00Z,2020-09-29T00:00:00Z,2020-04-02T00:00:00Z,2020-09-29T00:00:00Z,2020-04-02T00:00:00Z,2020-09-29T00:00:00Z,2020-04-02T00:00:00Z,2020-09-29T00:00:00Z,2020-04-02T00:00:00Z,2020-09-29T00:00:00Z,2020-04-02T00:00:00Z,2020-09-29T00:00:00Z,YHTGRFSE,,N,2020-04-02T00:00:00Z,2020-09-29T00:00:00Z,0,2005-04-03T00:00:00Z,2,2,100,2020-04-02T00:00:00Z,2020-09-29T00:00:00Z,93,2020-04-02T00:00:00Z,0,3100,2018-04-03T00:00:00Z,XMP,1122,Y
910036150,PQR Health Care LLC,9100006321,2020-04-03T00:00:00Z,A194,S062,Hamilton-Carr_Page,2020-04-03T00:00:00Z,2019-04-04T00:00:00Z,1,Abigail,Snyder,,031-91-9656,M,M,1919-07-22T00:00:00Z,Y,N,T,N,"7237 Ward Oval Apt. 813
Sarahville, AR 20831",,,Benjaminburgh,WA,61921,4077411988,94@vc.com,A094,DPPA0006,DPPA0006,DPPA0006,DPPA0006,,DPPA0006,Y,N,Y,N,,,2020-04-03T00:00:00Z,2020-09-30T00:00:00Z,2020-04-03T00:00:00Z,2020-09-30T00:00:00Z,2020-04-03T00:00:00Z,2020-09-30T00:00:00Z,2020-04-03T00:00:00Z,2020-09-30T00:00:00Z,2020-04-03T00:00:00Z,2020-09-30T00:00:00Z,2020-04-03T00:00:00Z,2020-09-30T00:00:00Z,YHTGRFSE,,N,2020-04-03T00:00:00Z,2020-09-30T00:00:00Z,0,2005-04-04T00:00:00Z,2,2,100,2020-04-03T00:00:00Z,2020-09-30T00:00:00Z,94,2020-04-03T00:00:00Z,0,3100,2018-04-04T00:00:00Z,XMP,1122,N
910036150,PQR Health Care LLC,9100006333,2020-04-04T00:00:00Z,A195,S062,Hamilton-Carr_NewMarvin,2020-04-04T00:00:00Z,2019-04-05T00:00:00Z,1,Joseph,Ramirez,E,480-74-4227,M,F,1986-07-10T00:00:00Z,Y,N,T,Y,"7326 Kristin Unions
Pamhaven, ID 95387",,,Isaacside,ID,93899,2011002506,95@vc.com,A095,MCC00000,MCC00000,MCC00000,MCC00000,,MCC00000,Y,N,Y,N,,,2020-04-04T00:00:00Z,2020-10-01T00:00:00Z,2020-04-04T00:00:00Z,2020-10-01T00:00:00Z,2020-04-04T00:00:00Z,2020-10-01T00:00:00Z,2020-04-04T00:00:00Z,2020-10-01T00:00:00Z,2020-04-04T00:00:00Z,2020-10-01T00:00:00Z,2020-04-04T00:00:00Z,2020-10-01T00:00:00Z,YHTGRFSE,,Y,2020-04-04T00:00:00Z,2020-10-01T00:00:00Z,0,2005-04-05T00:00:00Z,2,2,100,2020-04-04T00:00:00Z,2020-10-01T00:00:00Z,95,2020-04-04T00:00:00Z,0,3100,2018-04-05T00:00:00Z,XMP,1122,N
910036150,PQR Health Care LLC,9100006342,2020-04-05T00:00:00Z,A196,S062,Rang-Fisher_Marvin,2020-04-05T00:00:00Z,2019-04-06T00:00:00Z,2,Jennifer,Page,,672-69-6361,H,M,1935-02-03T00:00:00Z,Y,N,T,N,"97939 Johnson Oval Suite 830
North Dennismouth, VI 88870",,,Lake Gabrielle,ID,99754,9011002506,96@vc.com,A096,MPP00008,MPP00008,MPP00008,MPP00008,,MPP00008,Y,N,Y,N,,,2020-04-05T00:00:00Z,2020-10-02T00:00:00Z,2020-04-05T00:00:00Z,2020-10-02T00:00:00Z,2020-04-05T00:00:00Z,2020-10-02T00:00:00Z,2020-04-05T00:00:00Z,2020-10-02T00:00:00Z,2020-04-05T00:00:00Z,2020-10-02T00:00:00Z,2020-04-05T00:00:00Z,2020-10-02T00:00:00Z,YHTGRFSE,,Y,2020-04-05T00:00:00Z,2020-10-02T00:00:00Z,0,2005-04-06T00:00:00Z,2,2,100,2020-04-05T00:00:00Z,2020-10-02T00:00:00Z,96,2020-04-05T00:00:00Z,0,250,2018-04-06T00:00:00Z,XMP,1122,Y
910036150,PQR Health Care LLC,9100006366,2020-04-06T00:00:00Z,A197,S062,Rang-Fisher_PortChris,2020-04-06T00:00:00Z,2019-04-07T00:00:00Z,3,James,Zimmerman,,483-34-8445,S,M,1962-10-26T00:00:00Z,Y,N,T,N,"573 Nathan Ville Suite 767
Meghanmouth, CA 19714",,,Port Daniel,MT,20918,3084552506,97@vc.com,A097,MPP00015,MPP00015,MPP00015,MPP00015,,MPP00015,Y,N,Y,N,,,2020-04-06T00:00:00Z,2020-10-03T00:00:00Z,2020-04-06T00:00:00Z,2020-10-03T00:00:00Z,2020-04-06T00:00:00Z,2020-10-03T00:00:00Z,2020-04-06T00:00:00Z,2020-10-03T00:00:00Z,2020-04-06T00:00:00Z,2020-10-03T00:00:00Z,2020-04-06T00:00:00Z,2020-10-03T00:00:00Z,YHTGRFSE,,Y,2020-04-06T00:00:00Z,2020-10-03T00:00:00Z,0,2005-04-07T00:00:00Z,2,2,100,2020-04-06T00:00:00Z,2020-10-03T00:00:00Z,97,2020-04-06T00:00:00Z,0,250,2018-04-07T00:00:00Z,XMP,1122,N
910036150,PQR Health Care LLC,9100006374,2020-04-07T00:00:00Z,A198,S062,Hamilton-Carr_Thoimas,2020-04-07T00:00:00Z,2019-04-08T00:00:00Z,1,Robert,Sweeney,D,599-14-1439,M,F,1983-09-16T00:00:00Z,Y,N,T,N,"USCGC Sampson
FPO AP 71357",,,West Janet,ID,3289,9011088989,98@vc.com,A098,MPP00020,MPP00020,MPP00020,MPP00020,,MPP00020,Y,N,Y,N,,,2020-04-07T00:00:00Z,2020-10-04T00:00:00Z,2020-04-07T00:00:00Z,2020-10-04T00:00:00Z,2020-04-07T00:00:00Z,2020-10-04T00:00:00Z,2020-04-07T00:00:00Z,2020-10-04T00:00:00Z,2020-04-07T00:00:00Z,2020-10-04T00:00:00Z,2020-04-07T00:00:00Z,2020-10-04T00:00:00Z,YHTGRFSE,,N,2020-04-07T00:00:00Z,2020-10-04T00:00:00Z,0,2005-04-08T00:00:00Z,2,2,100,2020-04-07T00:00:00Z,2020-10-04T00:00:00Z,98,2020-04-07T00:00:00Z,0,206,2018-04-08T00:00:00Z,XMP,1122,N
910036150,PQR Health Care LLC,9100007354,2020-04-08T00:00:00Z,A199,S062,Hamilton-Carr_Page,2020-04-08T00:00:00Z,2019-04-09T00:00:00Z,1,Elizabeth,Brooks,,473-34-8944,M,M,1931-02-11T00:00:00Z,Y,N,T,N,"9968 Cynthia Skyway
New Dawn, NM 40953",,,Stephensland,WA,10761,4077413388,99@vc.com,A099,MPPH0000,MPPH0000,MPPH0000,MPPH0000,,MPPH0000,Y,N,Y,N,,,2020-04-08T00:00:00Z,2020-10-05T00:00:00Z,2020-04-08T00:00:00Z,2020-10-05T00:00:00Z,2020-04-08T00:00:00Z,2020-10-05T00:00:00Z,2020-04-08T00:00:00Z,2020-10-05T00:00:00Z,2020-04-08T00:00:00Z,2020-10-05T00:00:00Z,2020-04-08T00:00:00Z,2020-10-05T00:00:00Z,YHTGRFSE,,N,2020-04-08T00:00:00Z,2020-10-05T00:00:00Z,0,2005-04-09T00:00:00Z,2,2,100,2020-04-08T00:00:00Z,2020-10-05T00:00:00Z,99,2020-04-08T00:00:00Z,0,250,2018-04-09T00:00:00Z,XMP,1122,Y
910036150,GBG Health Care,9100007354,2020-04-09T00:00:00Z,A199,S062,Hamilton-Carr_Page,2020-04-09T00:00:00Z,2019-04-09T00:00:00Z,1,Kummk,KJDH,S,588-33-1488,M,M,1931-02-11T00:00:00Z,Y,N,T,N,"36954 Julie Trafficway Apt. 909
Ericview, DE 78294",,,Ramirezbury,MT,50664,4077443388,100@vc.com,A100,MPPH0000,MPPH0000,MPPH0000,MPPH0000,,MPPH0000,Y,N,Y,N,,,2020-04-08T00:00:00Z,2020-10-05T00:00:00Z,2020-04-08T00:00:00Z,2020-10-05T00:00:00Z,2020-04-08T00:00:00Z,2020-10-05T00:00:00Z,2020-04-08T00:00:00Z,2020-10-05T00:00:00Z,2020-04-08T00:00:00Z,2020-10-05T00:00:00Z,2020-04-08T00:00:00Z,2020-10-05T00:00:00Z,YHTGRFSE,,N,2020-04-08T00:00:00Z,2020-10-05T00:00:00Z,0,2005-04-10T00:00:00Z,2,2,100,2020-04-08T00:00:00Z,2020-10-05T00:00:00Z,100,2020-04-08T00:00:00Z,0,,2018-04-10T00:00:00Z,XMP,1122,Y
